variant,中文名称,消融类别,单一改动,论文用途,seed,primary_model,model,RMSE,MAE,MAPE,R2,seq_len,pred_len_cfg,target_mode,target_aggregation,feature_count,effective_feature_count,source,RMSE_h1,RMSE_h2,RMSE_h3,RMSE_h4,RMSE_h5,RMSE_h6
no_delta_target,去除增量预测目标,任务定义消融,仅将目标形式由增量预测改为绝对值预测。,检验增量预测对站点偏置和短时变化建模的作用。,42,lstm,lstm,0.1212215417755595,0.0909107774779084,0.0068099551669053,0.9121715906886418,72,6,absolute,mean,9,,outputs\strict_independent_ablation_20260501\runs\no_delta_target\seed_42\metrics_all_models.csv,0.1212215417755595,,,,,
no_delta_target,去除增量预测目标,任务定义消融,仅将目标形式由增量预测改为绝对值预测。,检验增量预测对站点偏置和短时变化建模的作用。,52,lstm,lstm,0.1215619568881961,0.0872485786059045,0.0065312115401309,0.911677617464853,72,6,absolute,mean,9,,outputs\strict_independent_ablation_20260501\runs\no_delta_target\seed_52\metrics_all_models.csv,0.1215619568881961,,,,,
no_delta_target,去除增量预测目标,任务定义消融,仅将目标形式由增量预测改为绝对值预测。,检验增量预测对站点偏置和短时变化建模的作用。,62,lstm,lstm,0.1245527883274952,0.0893974626463895,0.0067047372130462,0.9072781006526672,72,6,absolute,mean,9,,outputs\strict_independent_ablation_20260501\runs\no_delta_target\seed_62\metrics_all_models.csv,0.1245527883274952,,,,,
no_delta_target,去除增量预测目标,任务定义消融,仅将目标形式由增量预测改为绝对值预测。,检验增量预测对站点偏置和短时变化建模的作用。,72,lstm,lstm,0.1229305513333148,0.092019720372166,0.006875290799685,0.9096776831165156,72,6,absolute,mean,9,,outputs\strict_independent_ablation_20260501\runs\no_delta_target\seed_72\metrics_all_models.csv,0.1229305513333148,,,,,
no_delta_target,去除增量预测目标,任务定义消融,仅将目标形式由增量预测改为绝对值预测。,检验增量预测对站点偏置和短时变化建模的作用。,82,lstm,lstm,0.1180465498049103,0.0853382830682524,0.0063935947842263,0.91671208177507,72,6,absolute,mean,9,,outputs\strict_independent_ablation_20260501\runs\no_delta_target\seed_82\metrics_all_models.csv,0.1180465498049103,,,,,
no_future_mean_target,去除未来均值目标,任务定义消融,仅将目标聚合方式由未来 30 min 均值改为 6 步多步预测。,检验未来均值目标对短时平均湍流预测的作用。,42,lstm,lstm,0.1735475372129501,0.1260110112507951,0.009443279067096,0.8365157124408038,72,6,delta,multistep,9,,outputs\strict_independent_ablation_20260501\runs\no_future_mean_target\seed_42\metrics_all_models.csv,0.1512204177310979,0.1671286448304326,0.1742022712529999,0.1790453563428597,0.1826514671251,0.1847908493239324
no_future_mean_target,去除未来均值目标,任务定义消融,仅将目标聚合方式由未来 30 min 均值改为 6 步多步预测。,检验未来均值目标对短时平均湍流预测的作用。,52,lstm,lstm,0.177204626681739,0.1272885864720099,0.0095635027120042,0.8295530546058323,72,6,delta,multistep,9,,outputs\strict_independent_ablation_20260501\runs\no_future_mean_target\seed_52\metrics_all_models.csv,0.1525807013962593,0.1682021701141831,0.1756862291924932,0.1830878184515492,0.1884235068924919,0.1922129534966419
no_future_mean_target,去除未来均值目标,任务定义消融,仅将目标聚合方式由未来 30 min 均值改为 6 步多步预测。,检验未来均值目标对短时平均湍流预测的作用。,62,lstm,lstm,0.1771711228197104,0.1265961948662553,0.0095065086871145,0.8296175009038506,72,6,delta,multistep,9,,outputs\strict_independent_ablation_20260501\runs\no_future_mean_target\seed_62\metrics_all_models.csv,0.1527168916165812,0.1681687293507355,0.1777821298099245,0.1827588099308173,0.1870503985485394,0.1916751161900287
no_future_mean_target,去除未来均值目标,任务定义消融,仅将目标聚合方式由未来 30 min 均值改为 6 步多步预测。,检验未来均值目标对短时平均湍流预测的作用。,72,lstm,lstm,0.175139219409026,0.1272733339328051,0.0095414606672529,0.8335031856330031,72,6,delta,multistep,9,,outputs\strict_independent_ablation_20260501\runs\no_future_mean_target\seed_72\metrics_all_models.csv,0.1520436259835699,0.1684092866033348,0.1745294536608663,0.1803973092399512,0.1859548811042616,0.1870309809953064
no_future_mean_target,去除未来均值目标,任务定义消融,仅将目标聚合方式由未来 30 min 均值改为 6 步多步预测。,检验未来均值目标对短时平均湍流预测的作用。,82,lstm,lstm,0.1742120434280307,0.1255291192861842,0.0094182679899026,0.8352613666994901,72,6,delta,multistep,9,,outputs\strict_independent_ablation_20260501\runs\no_future_mean_target\seed_82\metrics_all_models.csv,0.1518919628871048,0.1675946457933403,0.1737052578222076,0.1799595464596185,0.1842364388619202,0.1855744120356422
full_improved,完整改进 LSTM 模型,基准模型,不改变配置，作为严格消融参照组。,正文主参照组,42,lstm,lstm,0.1163531221030203,0.0834055571286336,0.0062541652815836,0.9190845427087736,72,6,delta,mean,9,,outputs\strict_independent_ablation_20260501\runs\full_improved\seed_42\metrics_all_models.csv,0.1163531221030203,,,,,
full_improved,完整改进 LSTM 模型,基准模型,不改变配置，作为严格消融参照组。,正文主参照组,52,lstm,lstm,0.1229778486917938,0.087684714884983,0.0065808487956351,0.9096081669746238,72,6,delta,mean,9,,outputs\strict_independent_ablation_20260501\runs\full_improved\seed_52\metrics_all_models.csv,0.1229778486917938,,,,,
full_improved,完整改进 LSTM 模型,基准模型,不改变配置，作为严格消融参照组。,正文主参照组,62,lstm,lstm,0.1182369916715899,0.0841682581806614,0.0063059009155638,0.9164431319217736,72,6,delta,mean,9,,outputs\strict_independent_ablation_20260501\runs\full_improved\seed_62\metrics_all_models.csv,0.1182369916715899,,,,,
full_improved,完整改进 LSTM 模型,基准模型,不改变配置，作为严格消融参照组。,正文主参照组,72,lstm,lstm,0.1194632938115543,0.0876825268671872,0.0065579199292367,0.9147009135064992,72,6,delta,mean,9,,outputs\strict_independent_ablation_20260501\runs\full_improved\seed_72\metrics_all_models.csv,0.1194632938115543,,,,,
full_improved,完整改进 LSTM 模型,基准模型,不改变配置，作为严格消融参照组。,正文主参照组,82,lstm,lstm,0.1179068255791104,0.0839845630789834,0.0062994230580086,0.9169091303583712,72,6,delta,mean,9,,outputs\strict_independent_ablation_20260501\runs\full_improved\seed_82\metrics_all_models.csv,0.1179068255791104,,,,,
mlp_window_same_features,窗口多层感知机对照,模型结构对照,仅将模型类由改进 LSTM 换为窗口 MLP，输入特征和任务设置保持一致。,检验显式时序建模相对窗口展开前馈网络的作用。,42,mlp,mlp,0.1328926874542663,0.096438959699456,0.0072266272144154,0.8944452992762939,72,6,delta,mean,9,,outputs\strict_independent_ablation_20260501\runs\mlp_window_same_features\seed_42\metrics_all_models.csv,0.1328926874542663,,,,,
mlp_window_same_features,窗口多层感知机对照,模型结构对照,仅将模型类由改进 LSTM 换为窗口 MLP，输入特征和任务设置保持一致。,检验显式时序建模相对窗口展开前馈网络的作用。,52,mlp,mlp,0.1347421246681773,0.0977069200273196,0.0073111464879892,0.891486894428533,72,6,delta,mean,9,,outputs\strict_independent_ablation_20260501\runs\mlp_window_same_features\seed_52\metrics_all_models.csv,0.1347421246681773,,,,,
mlp_window_same_features,窗口多层感知机对照,模型结构对照,仅将模型类由改进 LSTM 换为窗口 MLP，输入特征和任务设置保持一致。,检验显式时序建模相对窗口展开前馈网络的作用。,62,mlp,mlp,0.1290204304779799,0.0938634545600705,0.0070322122967661,0.9005070326783196,72,6,delta,mean,9,,outputs\strict_independent_ablation_20260501\runs\mlp_window_same_features\seed_62\metrics_all_models.csv,0.1290204304779799,,,,,
mlp_window_same_features,窗口多层感知机对照,模型结构对照,仅将模型类由改进 LSTM 换为窗口 MLP，输入特征和任务设置保持一致。,检验显式时序建模相对窗口展开前馈网络的作用。,72,mlp,mlp,0.1378288963275742,0.1006224201187344,0.0075354318304217,0.8864581496385718,72,6,delta,mean,9,,outputs\strict_independent_ablation_20260501\runs\mlp_window_same_features\seed_72\metrics_all_models.csv,0.1378288963275742,,,,,
mlp_window_same_features,窗口多层感知机对照,模型结构对照,仅将模型类由改进 LSTM 换为窗口 MLP，输入特征和任务设置保持一致。,检验显式时序建模相对窗口展开前馈网络的作用。,82,mlp,mlp,0.129667024335936,0.0934123294039862,0.0070044500879629,0.8995073035332757,72,6,delta,mean,9,,outputs\strict_independent_ablation_20260501\runs\mlp_window_same_features\seed_82\metrics_all_models.csv,0.129667024335936,,,,,
vanilla_lstm_same_features,基础 LSTM 结构对照,模型结构对照,仅将模型类由改进 LSTM 换为基础 LSTM，输入特征和任务设置保持一致。,检验改进预测头和增强结构相对基础循环模型的整体作用。,42,vanilla_lstm,vanilla_lstm,0.120484099363608,0.0858286850101145,0.006426469074871,0.9132369357775278,72,6,delta,mean,9,,outputs\strict_independent_ablation_20260501\runs\vanilla_lstm_same_features\seed_42\metrics_all_models.csv,0.120484099363608,,,,,
vanilla_lstm_same_features,基础 LSTM 结构对照,模型结构对照,仅将模型类由改进 LSTM 换为基础 LSTM，输入特征和任务设置保持一致。,检验改进预测头和增强结构相对基础循环模型的整体作用。,52,vanilla_lstm,vanilla_lstm,0.1217922100272487,0.0894227665772047,0.0066995887746162,0.9113427139102086,72,6,delta,mean,9,,outputs\strict_independent_ablation_20260501\runs\vanilla_lstm_same_features\seed_52\metrics_all_models.csv,0.1217922100272487,,,,,
vanilla_lstm_same_features,基础 LSTM 结构对照,模型结构对照,仅将模型类由改进 LSTM 换为基础 LSTM，输入特征和任务设置保持一致。,检验改进预测头和增强结构相对基础循环模型的整体作用。,62,vanilla_lstm,vanilla_lstm,0.1201246946702488,0.085059882941695,0.0063672325070169,0.9137537930732637,72,6,delta,mean,9,,outputs\strict_independent_ablation_20260501\runs\vanilla_lstm_same_features\seed_62\metrics_all_models.csv,0.1201246946702488,,,,,
vanilla_lstm_same_features,基础 LSTM 结构对照,模型结构对照,仅将模型类由改进 LSTM 换为基础 LSTM，输入特征和任务设置保持一致。,检验改进预测头和增强结构相对基础循环模型的整体作用。,72,vanilla_lstm,vanilla_lstm,0.1180032347014325,0.083394562826453,0.0062477887051432,0.9167731926321874,72,6,delta,mean,9,,outputs\strict_independent_ablation_20260501\runs\vanilla_lstm_same_features\seed_72\metrics_all_models.csv,0.1180032347014325,,,,,
vanilla_lstm_same_features,基础 LSTM 结构对照,模型结构对照,仅将模型类由改进 LSTM 换为基础 LSTM，输入特征和任务设置保持一致。,检验改进预测头和增强结构相对基础循环模型的整体作用。,82,vanilla_lstm,vanilla_lstm,0.118416831342384,0.0846982903383416,0.0063510034453559,0.9161887569174134,72,6,delta,mean,9,,outputs\strict_independent_ablation_20260501\runs\vanilla_lstm_same_features\seed_82\metrics_all_models.csv,0.118416831342384,,,,,
no_attention_pooling,去除注意力池化,模型结构消融,仅关闭 attention_pool。,检验注意力池化对历史窗口信息聚合的作用。,42,lstm,lstm,0.1193910745169386,0.0854745338500954,0.0064016190962779,0.9148040142604242,72,6,delta,mean,9,,outputs\strict_independent_ablation_20260501\runs\no_attention_pooling\seed_42\metrics_all_models.csv,0.1193910745169386,,,,,
no_attention_pooling,去除注意力池化,模型结构消融,仅关闭 attention_pool。,检验注意力池化对历史窗口信息聚合的作用。,52,lstm,lstm,0.118570991592815,0.0842960976733494,0.0063076541615575,0.9159703965335982,72,6,delta,mean,9,,outputs\strict_independent_ablation_20260501\runs\no_attention_pooling\seed_52\metrics_all_models.csv,0.118570991592815,,,,,
no_attention_pooling,去除注意力池化,模型结构消融,仅关闭 attention_pool。,检验注意力池化对历史窗口信息聚合的作用。,62,lstm,lstm,0.1187640475093009,0.083722572722237,0.0062794874219716,0.9156965417152672,72,6,delta,mean,9,,outputs\strict_independent_ablation_20260501\runs\no_attention_pooling\seed_62\metrics_all_models.csv,0.1187640475093009,,,,,
no_attention_pooling,去除注意力池化,模型结构消融,仅关闭 attention_pool。,检验注意力池化对历史窗口信息聚合的作用。,72,lstm,lstm,0.1200618833348712,0.0877728961961491,0.0065783601093138,0.9138439630944744,72,6,delta,mean,9,,outputs\strict_independent_ablation_20260501\runs\no_attention_pooling\seed_72\metrics_all_models.csv,0.1200618833348712,,,,,
no_attention_pooling,去除注意力池化,模型结构消融,仅关闭 attention_pool。,检验注意力池化对历史窗口信息聚合的作用。,82,lstm,lstm,0.1167038714611767,0.0829126163624644,0.0062119114443554,0.9185959641149906,72,6,delta,mean,9,,outputs\strict_independent_ablation_20260501\runs\no_attention_pooling\seed_82\metrics_all_models.csv,0.1167038714611767,,,,,
no_bidirectional_encoder,去除双向编码,模型结构消融,仅将 LSTM 编码器由双向改为单向。,检验双向历史上下文编码的作用。,42,lstm,lstm,0.1252729768684231,0.0895500977971602,0.0066938017989716,0.906202728357122,72,6,delta,mean,9,,outputs\strict_independent_ablation_20260501\runs\no_bidirectional_encoder\seed_42\metrics_all_models.csv,0.1252729768684231,,,,,
no_bidirectional_encoder,去除双向编码,模型结构消融,仅将 LSTM 编码器由双向改为单向。,检验双向历史上下文编码的作用。,52,lstm,lstm,0.1217575166995998,0.0875651183557816,0.0065634712154198,0.911393215961048,72,6,delta,mean,9,,outputs\strict_independent_ablation_20260501\runs\no_bidirectional_encoder\seed_52\metrics_all_models.csv,0.1217575166995998,,,,,
no_bidirectional_encoder,去除双向编码,模型结构消融,仅将 LSTM 编码器由双向改为单向。,检验双向历史上下文编码的作用。,62,lstm,lstm,0.1225266893406759,0.0866063201184556,0.0064887775821551,0.9102701775056344,72,6,delta,mean,9,,outputs\strict_independent_ablation_20260501\runs\no_bidirectional_encoder\seed_62\metrics_all_models.csv,0.1225266893406759,,,,,
no_bidirectional_encoder,去除双向编码,模型结构消融,仅将 LSTM 编码器由双向改为单向。,检验双向历史上下文编码的作用。,72,lstm,lstm,0.1174489444583492,0.0845102659899478,0.00632980725408,0.9175532299112616,72,6,delta,mean,9,,outputs\strict_independent_ablation_20260501\runs\no_bidirectional_encoder\seed_72\metrics_all_models.csv,0.1174489444583492,,,,,
no_bidirectional_encoder,去除双向编码,模型结构消融,仅将 LSTM 编码器由双向改为单向。,检验双向历史上下文编码的作用。,82,lstm,lstm,0.1198705079566319,0.0861232404702608,0.0064510480348559,0.914118404955055,72,6,delta,mean,9,,outputs\strict_independent_ablation_20260501\runs\no_bidirectional_encoder\seed_82\metrics_all_models.csv,0.1198705079566319,,,,,
no_input_projection,去除输入投影层,模型结构消融,仅将 input_proj_size 由 64 改为 None。,检验输入特征投影压缩对表示学习的作用。,42,lstm,lstm,0.1166557199960866,0.0840913735110122,0.0062940107965107,0.918663124097146,72,6,delta,mean,9,,outputs\strict_independent_ablation_20260501\runs\no_input_projection\seed_42\metrics_all_models.csv,0.1166557199960866,,,,,
no_input_projection,去除输入投影层,模型结构消融,仅将 input_proj_size 由 64 改为 None。,检验输入特征投影压缩对表示学习的作用。,52,lstm,lstm,0.1190832843152536,0.0867640715700406,0.0065115581058037,0.9152427185597044,72,6,delta,mean,9,,outputs\strict_independent_ablation_20260501\runs\no_input_projection\seed_52\metrics_all_models.csv,0.1190832843152536,,,,,
no_input_projection,去除输入投影层,模型结构消融,仅将 input_proj_size 由 64 改为 None。,检验输入特征投影压缩对表示学习的作用。,62,lstm,lstm,0.1196188350816007,0.0863825069075373,0.0064716311906028,0.9144786499979736,72,6,delta,mean,9,,outputs\strict_independent_ablation_20260501\runs\no_input_projection\seed_62\metrics_all_models.csv,0.1196188350816007,,,,,
no_input_projection,去除输入投影层,模型结构消融,仅将 input_proj_size 由 64 改为 None。,检验输入特征投影压缩对表示学习的作用。,72,lstm,lstm,0.1194503180977974,0.0847284081458252,0.0063526666294032,0.9147194423179082,72,6,delta,mean,9,,outputs\strict_independent_ablation_20260501\runs\no_input_projection\seed_72\metrics_all_models.csv,0.1194503180977974,,,,,
no_input_projection,去除输入投影层,模型结构消融,仅将 input_proj_size 由 64 改为 None。,检验输入特征投影压缩对表示学习的作用。,82,lstm,lstm,0.1214098776953013,0.0870196099853508,0.0065179965425474,0.9118984693661182,72,6,delta,mean,9,,outputs\strict_independent_ablation_20260501\runs\no_input_projection\seed_82\metrics_all_models.csv,0.1214098776953013,,,,,
no_short_ar_branch,去除短窗自回归支路,模型结构消融,仅将 ar_window 由 12 改为 0。,检验短窗目标历史支路对局部惯性的刻画作用。,42,lstm,lstm,0.1179458712585795,0.0843724865788502,0.0063209319883195,0.9168540889875278,72,6,delta,mean,9,,outputs\strict_independent_ablation_20260501\runs\no_short_ar_branch\seed_42\metrics_all_models.csv,0.1179458712585795,,,,,
no_short_ar_branch,去除短窗自回归支路,模型结构消融,仅将 ar_window 由 12 改为 0。,检验短窗目标历史支路对局部惯性的刻画作用。,52,lstm,lstm,0.1186074396597618,0.0845465311225407,0.0063267538960798,0.9159187281229256,72,6,delta,mean,9,,outputs\strict_independent_ablation_20260501\runs\no_short_ar_branch\seed_52\metrics_all_models.csv,0.1186074396597618,,,,,
no_short_ar_branch,去除短窗自回归支路,模型结构消融,仅将 ar_window 由 12 改为 0。,检验短窗目标历史支路对局部惯性的刻画作用。,62,lstm,lstm,0.1202632827833937,0.0871952470175686,0.0065273288514007,0.9135546734160812,72,6,delta,mean,9,,outputs\strict_independent_ablation_20260501\runs\no_short_ar_branch\seed_62\metrics_all_models.csv,0.1202632827833937,,,,,
no_short_ar_branch,去除短窗自回归支路,模型结构消融,仅将 ar_window 由 12 改为 0。,检验短窗目标历史支路对局部惯性的刻画作用。,72,lstm,lstm,0.1172068379843076,0.0829288910092875,0.0062184258347743,0.9178927872131032,72,6,delta,mean,9,,outputs\strict_independent_ablation_20260501\runs\no_short_ar_branch\seed_72\metrics_all_models.csv,0.1172068379843076,,,,,
no_short_ar_branch,去除短窗自回归支路,模型结构消融,仅将 ar_window 由 12 改为 0。,检验短窗目标历史支路对局部惯性的刻画作用。,82,lstm,lstm,0.1170001876676264,0.0839423684955119,0.0062840647222128,0.918182062547539,72,6,delta,mean,9,,outputs\strict_independent_ablation_20260501\runs\no_short_ar_branch\seed_82\metrics_all_models.csv,0.1170001876676264,,,,,
no_diff_features,去除一阶差分特征,输入特征消融,仅关闭 diff_features。,检验短时变化率特征对预测的作用。,42,lstm,lstm,0.1197928522395137,0.0866170369819585,0.0064854799302194,0.9142296422679028,72,6,delta,mean,9,,outputs\strict_independent_ablation_20260501\runs\no_diff_features\seed_42\metrics_all_models.csv,0.1197928522395137,,,,,
no_diff_features,去除一阶差分特征,输入特征消融,仅关闭 diff_features。,检验短时变化率特征对预测的作用。,52,lstm,lstm,0.1204568733323258,0.0878890481107829,0.0065761438924503,0.913276143391081,72,6,delta,mean,9,,outputs\strict_independent_ablation_20260501\runs\no_diff_features\seed_52\metrics_all_models.csv,0.1204568733323258,,,,,
no_diff_features,去除一阶差分特征,输入特征消融,仅关闭 diff_features。,检验短时变化率特征对预测的作用。,62,lstm,lstm,0.1217393352320716,0.0867613224495679,0.0065135052796181,0.9114196764396928,72,6,delta,mean,9,,outputs\strict_independent_ablation_20260501\runs\no_diff_features\seed_62\metrics_all_models.csv,0.1217393352320716,,,,,
no_diff_features,去除一阶差分特征,输入特征消融,仅关闭 diff_features。,检验短时变化率特征对预测的作用。,72,lstm,lstm,0.1183617402347046,0.0857137213567358,0.0064209286733561,0.9162667218506346,72,6,delta,mean,9,,outputs\strict_independent_ablation_20260501\runs\no_diff_features\seed_72\metrics_all_models.csv,0.1183617402347046,,,,,
no_diff_features,去除一阶差分特征,输入特征消融,仅关闭 diff_features。,检验短时变化率特征对预测的作用。,82,lstm,lstm,0.1197541207533322,0.0870418172398406,0.0065202385325957,0.914285095933554,72,6,delta,mean,9,,outputs\strict_independent_ablation_20260501\runs\no_diff_features\seed_82\metrics_all_models.csv,0.1197541207533322,,,,,
no_domain_physics_features,去除物理派生特征,输入特征消融,仅关闭 domain_features，其余时间、差分、滚动统计设置保持不变。,检验温差、太阳辐射非负化、风速平方等物理派生量的作用。,42,lstm,lstm,0.1186721826445407,0.0867948627657745,0.0064997670261422,0.9158269099661418,72,6,delta,mean,9,,outputs\strict_independent_ablation_20260501\runs\no_domain_physics_features\seed_42\metrics_all_models.csv,0.1186721826445407,,,,,
no_domain_physics_features,去除物理派生特征,输入特征消融,仅关闭 domain_features，其余时间、差分、滚动统计设置保持不变。,检验温差、太阳辐射非负化、风速平方等物理派生量的作用。,52,lstm,lstm,0.1175241187595668,0.0837514922008753,0.0062683682105412,0.9174476544739888,72,6,delta,mean,9,,outputs\strict_independent_ablation_20260501\runs\no_domain_physics_features\seed_52\metrics_all_models.csv,0.1175241187595668,,,,,
no_domain_physics_features,去除物理派生特征,输入特征消融,仅关闭 domain_features，其余时间、差分、滚动统计设置保持不变。,检验温差、太阳辐射非负化、风速平方等物理派生量的作用。,62,lstm,lstm,0.1183772513962756,0.0858410039503791,0.0064223088664249,0.9162447741248446,72,6,delta,mean,9,,outputs\strict_independent_ablation_20260501\runs\no_domain_physics_features\seed_62\metrics_all_models.csv,0.1183772513962756,,,,,
no_domain_physics_features,去除物理派生特征,输入特征消融,仅关闭 domain_features，其余时间、差分、滚动统计设置保持不变。,检验温差、太阳辐射非负化、风速平方等物理派生量的作用。,72,lstm,lstm,0.1170206735851724,0.0851242367789389,0.0063760224525853,0.9181534085377988,72,6,delta,mean,9,,outputs\strict_independent_ablation_20260501\runs\no_domain_physics_features\seed_72\metrics_all_models.csv,0.1170206735851724,,,,,
no_domain_physics_features,去除物理派生特征,输入特征消融,仅关闭 domain_features，其余时间、差分、滚动统计设置保持不变。,检验温差、太阳辐射非负化、风速平方等物理派生量的作用。,82,lstm,lstm,0.1183447399447601,0.0845473895521204,0.0063298478872466,0.9162907733351064,72,6,delta,mean,9,,outputs\strict_independent_ablation_20260501\runs\no_domain_physics_features\seed_82\metrics_all_models.csv,0.1183447399447601,,,,,
no_rolling_features,去除滚动统计特征,输入特征消融,仅关闭 rolling_features。,检验短窗均值和标准差统计对预测的作用。,42,lstm,lstm,0.1185962804417098,0.0863644907471017,0.0064627310267362,0.9159345490041524,72,6,delta,mean,9,,outputs\strict_independent_ablation_20260501\runs\no_rolling_features\seed_42\metrics_all_models.csv,0.1185962804417098,,,,,
no_rolling_features,去除滚动统计特征,输入特征消融,仅关闭 rolling_features。,检验短窗均值和标准差统计对预测的作用。,52,lstm,lstm,0.1205157518707239,0.0880315027455666,0.0065920173843179,0.9131913425538613,72,6,delta,mean,9,,outputs\strict_independent_ablation_20260501\runs\no_rolling_features\seed_52\metrics_all_models.csv,0.1205157518707239,,,,,
no_rolling_features,去除滚动统计特征,输入特征消融,仅关闭 rolling_features。,检验短窗均值和标准差统计对预测的作用。,62,lstm,lstm,0.1187197381608666,0.0849184822248872,0.0063548868809012,0.9157594350666616,72,6,delta,mean,9,,outputs\strict_independent_ablation_20260501\runs\no_rolling_features\seed_62\metrics_all_models.csv,0.1187197381608666,,,,,
no_rolling_features,去除滚动统计特征,输入特征消融,仅关闭 rolling_features。,检验短窗均值和标准差统计对预测的作用。,72,lstm,lstm,0.1195173688859891,0.0868957385572149,0.0065196290908576,0.9146236747456912,72,6,delta,mean,9,,outputs\strict_independent_ablation_20260501\runs\no_rolling_features\seed_72\metrics_all_models.csv,0.1195173688859891,,,,,
no_rolling_features,去除滚动统计特征,输入特征消融,仅关闭 rolling_features。,检验短窗均值和标准差统计对预测的作用。,82,lstm,lstm,0.118082149177087,0.0846218909953406,0.0063430459872031,0.916661839820829,72,6,delta,mean,9,,outputs\strict_independent_ablation_20260501\runs\no_rolling_features\seed_82\metrics_all_models.csv,0.118082149177087,,,,,
no_solar_regime_features,去除太阳状态特征,输入特征消融,仅关闭 solar_regime_features。,检验夜间、晨昏、强日照和太阳辐射跃迁信息的作用。,42,lstm,lstm,0.1190295029069714,0.0851612699117064,0.0063748480336509,0.9153192588842376,72,6,delta,mean,9,,outputs\strict_independent_ablation_20260501\runs\no_solar_regime_features\seed_42\metrics_all_models.csv,0.1190295029069714,,,,,
no_solar_regime_features,去除太阳状态特征,输入特征消融,仅关闭 solar_regime_features。,检验夜间、晨昏、强日照和太阳辐射跃迁信息的作用。,52,lstm,lstm,0.1230873740568657,0.0917222442228245,0.0068644698690539,0.9094470874431888,72,6,delta,mean,9,,outputs\strict_independent_ablation_20260501\runs\no_solar_regime_features\seed_52\metrics_all_models.csv,0.1230873740568657,,,,,
no_solar_regime_features,去除太阳状态特征,输入特征消融,仅关闭 solar_regime_features。,检验夜间、晨昏、强日照和太阳辐射跃迁信息的作用。,62,lstm,lstm,0.1208878899380131,0.0900538863019562,0.0067326605511814,0.9126544055614624,72,6,delta,mean,9,,outputs\strict_independent_ablation_20260501\runs\no_solar_regime_features\seed_62\metrics_all_models.csv,0.1208878899380131,,,,,
no_solar_regime_features,去除太阳状态特征,输入特征消融,仅关闭 solar_regime_features。,检验夜间、晨昏、强日照和太阳辐射跃迁信息的作用。,72,lstm,lstm,0.1181871829304341,0.084701167270358,0.0063432785372047,0.9165135157456178,72,6,delta,mean,9,,outputs\strict_independent_ablation_20260501\runs\no_solar_regime_features\seed_72\metrics_all_models.csv,0.1181871829304341,,,,,
no_solar_regime_features,去除太阳状态特征,输入特征消融,仅关闭 solar_regime_features。,检验夜间、晨昏、强日照和太阳辐射跃迁信息的作用。,82,lstm,lstm,0.1204282534966957,0.088441147367927,0.0066162720651334,0.9133173486389978,72,6,delta,mean,9,,outputs\strict_independent_ablation_20260501\runs\no_solar_regime_features\seed_82\metrics_all_models.csv,0.1204282534966957,,,,,
no_time_cycle_features,去除时间周期特征,输入特征消融,仅移除 hour_sin 和 hour_cos，并关闭小时周期特征开关。,检验昼夜周期信息对湍流预测的作用。,42,lstm,lstm,0.1222557178431007,0.0884407323715551,0.0066464401083444,0.9106666191084564,72,6,delta,mean,7,,outputs\strict_independent_ablation_20260501\runs\no_time_cycle_features\seed_42\metrics_all_models.csv,0.1222557178431007,,,,,
no_time_cycle_features,去除时间周期特征,输入特征消融,仅移除 hour_sin 和 hour_cos，并关闭小时周期特征开关。,检验昼夜周期信息对湍流预测的作用。,52,lstm,lstm,0.1197712630089899,0.085027961759147,0.0063779128586519,0.9142605547828182,72,6,delta,mean,7,,outputs\strict_independent_ablation_20260501\runs\no_time_cycle_features\seed_52\metrics_all_models.csv,0.1197712630089899,,,,,
no_time_cycle_features,去除时间周期特征,输入特征消融,仅移除 hour_sin 和 hour_cos，并关闭小时周期特征开关。,检验昼夜周期信息对湍流预测的作用。,62,lstm,lstm,0.1168594219191356,0.0829053844459472,0.0062184532456004,0.9183788183843709,72,6,delta,mean,7,,outputs\strict_independent_ablation_20260501\runs\no_time_cycle_features\seed_62\metrics_all_models.csv,0.1168594219191356,,,,,
no_time_cycle_features,去除时间周期特征,输入特征消融,仅移除 hour_sin 和 hour_cos，并关闭小时周期特征开关。,检验昼夜周期信息对湍流预测的作用。,72,lstm,lstm,0.1199531482417304,0.0868200295654122,0.0065115213574488,0.91399994836221,72,6,delta,mean,7,,outputs\strict_independent_ablation_20260501\runs\no_time_cycle_features\seed_72\metrics_all_models.csv,0.1199531482417304,,,,,
no_time_cycle_features,去除时间周期特征,输入特征消融,仅移除 hour_sin 和 hour_cos，并关闭小时周期特征开关。,检验昼夜周期信息对湍流预测的作用。,82,lstm,lstm,0.1165242511184787,0.083638759870106,0.0062692578197063,0.9188463511557792,72,6,delta,mean,7,,outputs\strict_independent_ablation_20260501\runs\no_time_cycle_features\seed_82\metrics_all_models.csv,0.1165242511184787,,,,,
