scenario,effective_path_m,clear_sky_snr_db,outage_penalty,improved_utility,baseline_utility,baseline,utility_delta
L300_SNR18_A4,300.0,18.0,4.0,2.4897954401586926,2.4866927198780444,LSTM-raw Policy,0.0031027202806481746
L300_SNR18_A8,300.0,18.0,8.0,2.3966607036935352,2.379853325376958,LSTM-raw Policy,0.016807378316577193
L300_SNR18_A12,300.0,18.0,12.0,2.334602183719737,2.311424247929564,LSTM-raw Policy,0.02317793579017291
L300_SNR20_A4,300.0,20.0,4.0,2.953978631659362,2.9449927159687843,LSTM-raw Policy,0.008985915690577606
L300_SNR20_A8,300.0,20.0,8.0,2.839301303456333,2.831928791750254,LSTM-raw Policy,0.007372511706078999
L300_SNR20_A12,300.0,20.0,12.0,2.7704657566437825,2.7687912184796235,LSTM-raw Policy,0.0016745381641589674
L300_SNR22_A4,300.0,22.0,4.0,3.767766067746693,3.765044734703519,LSTM-raw Policy,0.0027213330431741234
L300_SNR22_A8,300.0,22.0,8.0,3.674393330203714,3.666164442269407,LSTM-raw Policy,0.008228887934306872
L300_SNR22_A12,300.0,22.0,12.0,3.623093317173238,3.6011348946027555,LSTM-raw Policy,0.021958422570482306
L500_SNR18_A4,500.0,18.0,4.0,1.9920934322333366,1.986903590334733,LSTM-raw Policy,0.005189841898603609
L500_SNR18_A8,500.0,18.0,8.0,1.7997145370130676,1.7890096854599766,LSTM-raw Policy,0.010704851553090977
L500_SNR18_A12,500.0,18.0,12.0,1.685140260087882,1.666754052428643,LSTM-raw Policy,0.01838620765923893
L500_SNR20_A4,500.0,20.0,4.0,2.4801296975757428,2.4777898030653023,LSTM-raw Policy,0.0023398945104404767
L500_SNR20_A8,500.0,20.0,8.0,2.3627220409419896,2.3452543996053175,LSTM-raw Policy,0.017467641336672113
L500_SNR20_A12,500.0,20.0,12.0,2.2826757266237423,2.2568031591412625,LSTM-raw Policy,0.02587256748247979
L500_SNR22_A4,500.0,22.0,4.0,3.2099906645538074,3.2037236337332113,LSTM-raw Policy,0.006267030820596098
L500_SNR22_A8,500.0,22.0,8.0,3.0028187441982785,2.9929854688009514,LSTM-raw Policy,0.009833275397327146
L500_SNR22_A12,500.0,22.0,12.0,2.869182244402254,2.8471394189150874,LSTM-raw Policy,0.022042825487166517
L800_SNR18_A4,800.0,18.0,4.0,1.3419765452726178,1.3290530114021402,LSTM-raw Policy,0.012923533870477621
L800_SNR18_A8,800.0,18.0,8.0,1.1349355847227207,1.1103756748903963,LSTM-raw Policy,0.024559909832324367
L800_SNR18_A12,800.0,18.0,12.0,1.0038335011822153,0.9854630144902855,LSTM-raw Policy,0.018370486691929755
L800_SNR20_A4,800.0,20.0,4.0,1.8676689969135996,1.862768877427245,LSTM-raw Policy,0.004900119486354493
L800_SNR20_A8,800.0,20.0,8.0,1.6213925148106303,1.604671558120347,LSTM-raw Policy,0.016720956690283284
L800_SNR20_A12,800.0,20.0,12.0,1.4791932035661017,1.446130690908793,LSTM-raw Policy,0.03306251265730875
L800_SNR22_A4,800.0,22.0,4.0,2.377471465125268,2.366150961931055,LSTM-raw Policy,0.01132050319421296
L800_SNR22_A8,800.0,22.0,8.0,2.1267391599997936,2.0954077177372596,LSTM-raw Policy,0.031331442262533926
L800_SNR22_A12,800.0,22.0,12.0,1.964751037883919,1.9330349538041778,LSTM-raw Policy,0.03171608407974125
L300_SNR18_A4,300.0,18.0,4.0,2.4897954401586926,2.4898281459068596,TCN Policy,-3.2705748167050075e-05
L300_SNR18_A8,300.0,18.0,8.0,2.3966607036935352,2.3964115454889763,TCN Policy,0.00024915820455895243
L300_SNR18_A12,300.0,18.0,12.0,2.334602183719737,2.333657676412487,TCN Policy,0.0009445073072500421
L300_SNR20_A4,300.0,20.0,4.0,2.953978631659362,2.952794475744107,TCN Policy,0.001184155915254781
L300_SNR20_A8,300.0,20.0,8.0,2.839301303456333,2.8371712262977633,TCN Policy,0.002130077158569499
L300_SNR20_A12,300.0,20.0,12.0,2.7704657566437825,2.767293008028908,TCN Policy,0.0031727486148742656
L300_SNR22_A4,300.0,22.0,4.0,3.767766067746693,3.764379916691986,TCN Policy,0.003386151054707298
L300_SNR22_A8,300.0,22.0,8.0,3.674393330203714,3.6759372723147554,TCN Policy,-0.0015439421110414742
L300_SNR22_A12,300.0,22.0,12.0,3.623093317173238,3.6230320618486918,TCN Policy,6.125532454603899e-05
L500_SNR18_A4,500.0,18.0,4.0,1.9920934322333366,1.994525745536778,TCN Policy,-0.0024323133034414024
L500_SNR18_A8,500.0,18.0,8.0,1.7997145370130676,1.7961723164495988,TCN Policy,0.0035422205634687565
L500_SNR18_A12,500.0,18.0,12.0,1.685140260087882,1.684864205474643,TCN Policy,0.00027605461323898517
L500_SNR20_A4,500.0,20.0,4.0,2.4801296975757428,2.479467619943889,TCN Policy,0.0006620776318535526
L500_SNR20_A8,500.0,20.0,8.0,2.3627220409419896,2.3622430692448635,TCN Policy,0.0004789716971260738
L500_SNR20_A12,500.0,20.0,12.0,2.2826757266237423,2.2818409254477605,TCN Policy,0.0008348011759817808
L500_SNR22_A4,500.0,22.0,4.0,3.2099906645538074,3.2089447127287842,TCN Policy,0.0010459518250232058
L500_SNR22_A8,500.0,22.0,8.0,3.0028187441982785,2.9970210217714643,TCN Policy,0.0057977224268142
L500_SNR22_A12,500.0,22.0,12.0,2.869182244402254,2.8623992216930185,TCN Policy,0.0067830227092353645
L800_SNR18_A4,800.0,18.0,4.0,1.3419765452726178,1.3400214039964684,TCN Policy,0.0019551412761493747
L800_SNR18_A8,800.0,18.0,8.0,1.1349355847227207,1.1279248476931725,TCN Policy,0.007010737029548242
L800_SNR18_A12,800.0,18.0,12.0,1.0038335011822153,1.0055480932361693,TCN Policy,-0.0017145920539540782
L800_SNR20_A4,800.0,20.0,4.0,1.8676689969135996,1.8636502191204354,TCN Policy,0.004018777793164174
L800_SNR20_A8,800.0,20.0,8.0,1.6213925148106303,1.6191185821967893,TCN Policy,0.002273932613841012
L800_SNR20_A12,800.0,20.0,12.0,1.4791932035661017,1.4739981913834448,TCN Policy,0.005195012182656944
L800_SNR22_A4,800.0,22.0,4.0,2.377471465125268,2.3765080657701856,TCN Policy,0.0009633993550823838
L800_SNR22_A8,800.0,22.0,8.0,2.1267391599997936,2.117226880170129,TCN Policy,0.009512279829664738
L800_SNR22_A12,800.0,22.0,12.0,1.964751037883919,1.959701048299137,TCN Policy,0.005049989584781978
L300_SNR18_A4,300.0,18.0,4.0,2.4897954401586926,2.489510699173618,TFT Policy,0.00028474098507480505
L300_SNR18_A8,300.0,18.0,8.0,2.3966607036935352,2.3945621774755024,TFT Policy,0.002098526218032859
L300_SNR18_A12,300.0,18.0,12.0,2.334602183719737,2.3281183808851216,TFT Policy,0.006483802834615471
L300_SNR20_A4,300.0,20.0,4.0,2.953978631659362,2.9498911895824067,TFT Policy,0.004087442076955217
L300_SNR20_A8,300.0,20.0,8.0,2.839301303456333,2.8350165894500767,TFT Policy,0.004284714006256074
L300_SNR20_A12,300.0,20.0,12.0,2.7704657566437825,2.765273824689982,TFT Policy,0.0051919319538002995
L300_SNR22_A4,300.0,22.0,4.0,3.767766067746693,3.763396056919269,TFT Policy,0.0043700108274240534
L300_SNR22_A8,300.0,22.0,8.0,3.674393330203714,3.6733974840774555,TFT Policy,0.0009958461262584706
L300_SNR22_A12,300.0,22.0,12.0,3.623093317173238,3.6192424443390077,TFT Policy,0.0038508728342301346
L500_SNR18_A4,500.0,18.0,4.0,1.9920934322333366,1.992805235478661,TFT Policy,-0.0007118032453243828
L500_SNR18_A8,500.0,18.0,8.0,1.7997145370130676,1.7922110990093225,TFT Policy,0.007503438003745089
L500_SNR18_A12,500.0,18.0,12.0,1.685140260087882,1.6836191572931805,TFT Policy,0.0015211027947015232
L500_SNR20_A4,500.0,20.0,4.0,2.4801296975757428,2.477656143211127,TFT Policy,0.0024735543646157154
L500_SNR20_A8,500.0,20.0,8.0,2.3627220409419896,2.35956260772684,TFT Policy,0.003159433215149665
L500_SNR20_A12,500.0,20.0,12.0,2.2826757266237423,2.276537825239229,TFT Policy,0.006137901384513089
L500_SNR22_A4,500.0,22.0,4.0,3.2099906645538074,3.20921532740836,TFT Policy,0.00077533714544753
L500_SNR22_A8,500.0,22.0,8.0,3.0028187441982785,2.9914953205285797,TFT Policy,0.011323423669698851
L500_SNR22_A12,500.0,22.0,12.0,2.869182244402254,2.855913626126746,TFT Policy,0.013268618275507738
L800_SNR18_A4,800.0,18.0,4.0,1.3419765452726178,1.3376787392446003,TFT Policy,0.004297806028017437
L800_SNR18_A8,800.0,18.0,8.0,1.1349355847227207,1.121647000811077,TFT Policy,0.01328858391164367
L800_SNR18_A12,800.0,18.0,12.0,1.0038335011822153,1.0041197879827883,TFT Policy,-0.00028628680057307676
L800_SNR20_A4,800.0,20.0,4.0,1.8676689969135996,1.8633864543080079,TFT Policy,0.004282542605591688
L800_SNR20_A8,800.0,20.0,8.0,1.6213925148106303,1.615271665512991,TFT Policy,0.00612084929763923
L800_SNR20_A12,800.0,20.0,12.0,1.4791932035661017,1.4695439296509654,TFT Policy,0.00964927391513637
L800_SNR22_A4,800.0,22.0,4.0,2.377471465125268,2.3749558849672288,TFT Policy,0.00251558015803921
L800_SNR22_A8,800.0,22.0,8.0,2.1267391599997936,2.1143115600266884,TFT Policy,0.012427599973105163
L800_SNR22_A12,800.0,22.0,12.0,1.964751037883919,1.9591794568233296,TFT Policy,0.0055715810605894145
L300_SNR18_A4,300.0,18.0,4.0,2.4897954401586926,2.4886624680672527,PatchTST Policy,0.001132972091439921
L300_SNR18_A8,300.0,18.0,8.0,2.3966607036935352,2.3942771727871457,PatchTST Policy,0.0023835309063895416
L300_SNR18_A12,300.0,18.0,12.0,2.334602183719737,2.329758946631902,PatchTST Policy,0.004843237087834851
L300_SNR20_A4,300.0,20.0,4.0,2.953978631659362,2.9450175145338933,PatchTST Policy,0.008961117125468654
L300_SNR20_A8,300.0,20.0,8.0,2.839301303456333,2.8331195232064235,PatchTST Policy,0.006181780249909341
L300_SNR20_A12,300.0,20.0,12.0,2.7704657566437825,2.765447631020543,PatchTST Policy,0.0050181256232395555
L300_SNR22_A4,300.0,22.0,4.0,3.767766067746693,3.766152803112482,PatchTST Policy,0.0016132646342112977
L300_SNR22_A8,300.0,22.0,8.0,3.674393330203714,3.674491608951436,PatchTST Policy,-9.827874772216916e-05
L300_SNR22_A12,300.0,22.0,12.0,3.623093317173238,3.6160218699112203,PatchTST Policy,0.007071447262017472
L500_SNR18_A4,500.0,18.0,4.0,1.9920934322333366,1.98851657111671,PatchTST Policy,0.003576861116626473
L500_SNR18_A8,500.0,18.0,8.0,1.7997145370130676,1.797998317960943,PatchTST Policy,0.0017162190521247123
L500_SNR18_A12,500.0,18.0,12.0,1.685140260087882,1.6760338574075675,PatchTST Policy,0.009106402680314485
L500_SNR20_A4,500.0,20.0,4.0,2.4801296975757428,2.4776755524807337,PatchTST Policy,0.002454145095009075
L500_SNR20_A8,500.0,20.0,8.0,2.3627220409419896,2.3566081672851196,PatchTST Policy,0.006113873656869995
L500_SNR20_A12,500.0,20.0,12.0,2.2826757266237423,2.2769687317863982,PatchTST Policy,0.005706994837344048
L500_SNR22_A4,500.0,22.0,4.0,3.2099906645538074,3.2046709046696433,PatchTST Policy,0.00531975988416411
L500_SNR22_A8,500.0,22.0,8.0,3.0028187441982785,2.9954373869300595,PatchTST Policy,0.007381357268219091
L500_SNR22_A12,500.0,22.0,12.0,2.869182244402254,2.858807468291922,PatchTST Policy,0.010374776110332107
L800_SNR18_A4,800.0,18.0,4.0,1.3419765452726178,1.3312891818915946,PatchTST Policy,0.010687363381023163
L800_SNR18_A8,800.0,18.0,8.0,1.1349355847227207,1.123879522647093,PatchTST Policy,0.011056062075627704
L800_SNR18_A12,800.0,18.0,12.0,1.0038335011822153,0.9927329758484188,PatchTST Policy,0.011100525333796463
L800_SNR20_A4,800.0,20.0,4.0,1.8676689969135996,1.8620438532991306,PatchTST Policy,0.005625143614468975
L800_SNR20_A8,800.0,20.0,8.0,1.6213925148106303,1.615768065809323,PatchTST Policy,0.005624449001307319
L800_SNR20_A12,800.0,20.0,12.0,1.4791932035661017,1.4750864964511134,PatchTST Policy,0.004106707114988284
L800_SNR22_A4,800.0,22.0,4.0,2.377471465125268,2.3697139296587872,PatchTST Policy,0.007757535466480725
L800_SNR22_A8,800.0,22.0,8.0,2.1267391599997936,2.110079346721461,PatchTST Policy,0.016659813278332436
L800_SNR22_A12,800.0,22.0,12.0,1.964751037883919,1.9513896174175487,PatchTST Policy,0.013361420466370344
L300_SNR18_A4,300.0,18.0,4.0,2.4897954401586926,2.4847067462863244,Persistence Policy,0.005088693872368211
L300_SNR18_A8,300.0,18.0,8.0,2.3966607036935352,2.3882997042894334,Persistence Policy,0.008360999404101843
L300_SNR18_A12,300.0,18.0,12.0,2.334602183719737,2.3158693870240383,Persistence Policy,0.018732796695698717
L300_SNR20_A4,300.0,20.0,4.0,2.953978631659362,2.9420505751159753,Persistence Policy,0.011928056543386578
L300_SNR20_A8,300.0,20.0,8.0,2.839301303456333,2.827855428415529,Persistence Policy,0.011445875040803966
L300_SNR20_A12,300.0,20.0,12.0,2.7704657566437825,2.7639277156636863,Persistence Policy,0.006538040980096138
L300_SNR22_A4,300.0,22.0,4.0,3.767766067746693,3.7620031508686083,Persistence Policy,0.005762916878084834
L300_SNR22_A8,300.0,22.0,8.0,3.674393330203714,3.6695102215246918,Persistence Policy,0.004883108679022197
L300_SNR22_A12,300.0,22.0,12.0,3.623093317173238,3.61243701869432,Persistence Policy,0.01065629847891758
L500_SNR18_A4,500.0,18.0,4.0,1.9920934322333366,1.981820684313198,Persistence Policy,0.010272747920138547
L500_SNR18_A8,500.0,18.0,8.0,1.7997145370130676,1.7848280865136814,Persistence Policy,0.014886450499386195
L500_SNR18_A12,500.0,18.0,12.0,1.685140260087882,1.664213522860339,Persistence Policy,0.020926737227543013
L500_SNR20_A4,500.0,20.0,4.0,2.4801296975757428,2.4725053662440897,Persistence Policy,0.007624331331653078
L500_SNR20_A8,500.0,20.0,8.0,2.3627220409419896,2.351324317673917,Persistence Policy,0.011397723268072646
L500_SNR20_A12,500.0,20.0,12.0,2.2826757266237423,2.2635435182536474,Persistence Policy,0.019132208370094883
L500_SNR22_A4,500.0,22.0,4.0,3.2099906645538074,3.1945272617849234,Persistence Policy,0.015463402768884027
L500_SNR22_A8,500.0,22.0,8.0,3.0028187441982785,2.9808985212162242,Persistence Policy,0.021920222982054316
L500_SNR22_A12,500.0,22.0,12.0,2.869182244402254,2.838457290308674,Persistence Policy,0.030724954093579893
L800_SNR18_A4,800.0,18.0,4.0,1.3419765452726178,1.3273331453728854,Persistence Policy,0.014643399899732401
L800_SNR18_A8,800.0,18.0,8.0,1.1349355847227207,1.1087168432328638,Persistence Policy,0.026218741489856923
L800_SNR18_A12,800.0,18.0,12.0,1.0038335011822153,0.9823786021722726,Persistence Policy,0.021454899009942685
L800_SNR20_A4,800.0,20.0,4.0,1.8676689969135996,1.8532005338937345,Persistence Policy,0.014468463019865041
L800_SNR20_A8,800.0,20.0,8.0,1.6213925148106303,1.5983014674804588,Persistence Policy,0.023091047330171532
L800_SNR20_A12,800.0,20.0,12.0,1.4791932035661017,1.4538336429129408,Persistence Policy,0.025359560653160917
L800_SNR22_A4,800.0,22.0,4.0,2.377471465125268,2.3631958181219455,Persistence Policy,0.014275647003322511
L800_SNR22_A8,800.0,22.0,8.0,2.1267391599997936,2.091075426662196,Persistence Policy,0.03566373333759776
L800_SNR22_A12,800.0,22.0,12.0,1.964751037883919,1.9233534312797615,Persistence Policy,0.04139760660415748
