policy,policy_kind,rows,avg_mission_utility,avg_goodput,avg_spectral_efficiency,outage_rate,availability,q05_margin_db_mean,q05_margin_db_p10,switch_count,switching_rate,robust_mode_share,high_rate_mode_share,utility_gain_vs_fixed_high_pct,oracle_utility_gap_pct,scenario,effective_path_m,clear_sky_snr_db,outage_penalty
Oracle Policy,oracle,3225,2.503037220300499,2.6359001113583056,2.7332093023255815,0.03321572276445175,0.9667842772355483,0.7732951593784423,-0.8498006354672875,70,0.021705426356589147,0.0,0.7776744186046511,3.697263644850728,0.0,L300_SNR18_A4,300.0,18.0,4.0
TCN Policy,forecast,3225,2.4898281459068596,2.6204089910964483,2.716093023255814,0.03264521129739711,0.9673547887026029,0.83748120589007,-0.7574566305958272,116,0.035968992248062014,0.0,0.7634108527131783,3.1500305239076685,0.5277218527359213,L300_SNR18_A4,300.0,18.0,4.0
Improved LSTM Policy,forecast,3225,2.4897954401586926,2.6335565708639743,2.7391627906976748,0.03594028267632057,0.9640597173236795,0.7509695779830934,-0.909956722443212,100,0.031007751937984496,0.0,0.7826356589147286,3.148675571387237,0.52902849523815,L300_SNR18_A4,300.0,18.0,4.0
TFT Policy,forecast,3225,2.489510699173618,2.615395793102585,2.70753488372093,0.031471273482241616,0.9685287265177583,0.8695742291458841,-0.7008204944183092,132,0.04093023255813953,0.0,0.7562790697674419,3.1368791583094273,0.540404314293714,L300_SNR18_A4,300.0,18.0,4.0
PatchTST Policy,forecast,3225,2.4886624680672527,2.637732018587538,2.7473488372093025,0.03726738763007142,0.9627326123699286,0.7202719035644887,-0.9712311224636188,140,0.043410852713178294,0.0,0.7894573643410853,3.101738152832111,0.5742923883297558,L300_SNR18_A4,300.0,18.0,4.0
LSTM-raw Policy,forecast,3225,2.4866927198780444,2.6578811551938424,2.784186046511628,0.042797108828949444,0.9572028911710505,0.5821323686807677,-1.167358109761984,94,0.029147286821705427,0.0,0.8201550387596899,3.0201342934752877,0.652986711100225,L300_SNR18_A4,300.0,18.0,4.0
Persistence Policy,forecast,3225,2.4847067462863244,2.6275397379033922,2.73246511627907,0.03570824790426712,0.9642917520957329,0.7760858570528608,-0.9293137340078679,71,0.02201550387596899,0.0,0.7770542635658915,2.9378582388237393,0.7323292624459702,L300_SNR18_A4,300.0,18.0,4.0
Fixed High-Rate,fixed,3225,2.4137929317721123,2.7487683993309053,3.0,0.08374386688969826,0.9162561331103017,-0.22716995690062763,-2.235761974427582,0,0.0,0.0,1.0,0.0,3.565439930520599,L300_SNR18_A4,300.0,18.0,4.0
Fixed Balanced,fixed,3225,1.7884092229906021,1.7964028623074282,1.8000000000000005,0.001998409829206511,0.9980015901707935,4.272830043099373,2.264238025572418,0,0.0,0.0,0.0,-25.90875549222766,28.550434308927425,L300_SNR18_A4,300.0,18.0,4.0
Fixed Conservative,fixed,3225,0.9997881796802544,0.9999576359360508,1.0,4.23640639490747e-05,0.9999576359360509,8.272830043099372,6.264238025572418,0,0.0,1.0,0.0,-58.58020103877556,60.05699909008041,L300_SNR18_A4,300.0,18.0,4.0
Fixed Survival,fixed,3225,0.3499977057842143,0.3499998154079253,0.35,5.274059277531964e-07,0.9999994725940723,12.272830043099372,10.264238025572418,0,0.0,1.0,0.0,-85.500094014806,86.01707945269006,L300_SNR18_A4,300.0,18.0,4.0
Fixed Peak-Rate,fixed,3225,-2.6254907617704952,0.7040169268980392,4.200000000000001,0.8323769221671335,0.16762307783286645,-3.727169956900627,-5.735761974427582,0,0.0,0.0,1.0,-208.77033929513428,204.8921981853428,L300_SNR18_A4,300.0,18.0,4.0
Oracle Policy,oracle,3225,2.412237611095887,2.5480990546094864,2.5966511627906974,0.01698268043919991,0.9830173195608001,1.2853881826342561,-0.05966986141455663,57,0.017674418604651163,0.0,0.6638759689922481,16.038933317733257,0.0,L300_SNR18_A8,300.0,18.0,8.0
Improved LSTM Policy,forecast,3225,2.3966607036935352,2.544637579307446,2.597767441860465,0.01849710945173878,0.9815028905482612,1.281202136122628,-0.06718916159257161,61,0.01891472868217054,0.0,0.6648062015503876,15.289617532653184,0.6457451509213099,L300_SNR18_A8,300.0,18.0,8.0
TCN Policy,forecast,3225,2.3964115454889763,2.532675595071926,2.5813953488372094,0.017033006197868683,0.9829669938021313,1.3425974849598372,-0.03390646129613225,71,0.02201550387596899,0.0,0.6511627906976745,15.277631958698366,0.6560740755435307,L300_SNR18_A8,300.0,18.0,8.0
TFT Policy,forecast,3225,2.3945621774755024,2.536583567330159,2.587472868217055,0.017752673731832116,0.9822473262681679,1.3201168648047985,-0.04883916159631381,103,0.03193798449612403,0.000310077519379845,0.6564341085271318,15.188669457405654,0.7327401554092589,L300_SNR18_A8,300.0,18.0,8.0
PatchTST Policy,forecast,3225,2.3942771727871457,2.5394757974274427,2.591565891472868,0.018149828080037084,0.9818501719199629,1.3047680275954963,-0.06291853590142116,107,0.03317829457364341,0.000310077519379845,0.6598449612403101,15.174959514456692,0.7445551062683993,L300_SNR18_A8,300.0,18.0,8.0
Persistence Policy,forecast,3225,2.3882997042894334,2.5399240582800484,2.5944186046511626,0.018953044248826822,0.9810469557511732,1.2937602756575117,-0.07327868983253037,57,0.017674418604651163,0.0,0.662015503875969,14.887417746090112,0.9923527722287074,L300_SNR18_A8,300.0,18.0,8.0
LSTM-raw Policy,forecast,3225,2.379853325376958,2.57789678993635,2.6498604651162787,0.02475543306992398,0.975244566930076,1.085853298913326,-0.34523560816637294,93,0.02883720930232558,0.0,0.7082170542635658,14.481110840463277,1.3424998254718634,L300_SNR18_A8,300.0,18.0,8.0
Fixed High-Rate,fixed,3225,2.0788174642133193,2.7487683993309053,3.0,0.08374386688969826,0.9162561331103017,-0.22716995690062763,-2.235761974427582,0,0.0,0.0,1.0,0.0,13.822027537788612,L300_SNR18_A8,300.0,18.0,8.0
Fixed Balanced,fixed,3225,1.7804155836737763,1.7964028623074282,1.8000000000000005,0.001998409829206511,0.9980015901707935,4.272830043099373,2.264238025572418,0,0.0,0.0,0.0,-14.354405121012697,26.192362830089195,L300_SNR18_A8,300.0,18.0,8.0
Fixed Conservative,fixed,3225,0.9996187234244582,0.9999576359360508,1.0,4.23640639490747e-05,0.9999576359360509,8.272830043099372,6.264238025572418,0,0.0,1.0,0.0,-51.91406938642682,58.56051995763682,L300_SNR18_A8,300.0,18.0,8.0
Fixed Survival,fixed,3225,0.34999559616050324,0.3499998154079253,0.35,5.274059277531964e-07,0.9999994725940723,12.272830043099372,10.264238025572418,0,0.0,1.0,0.0,-83.16371676755415,85.4908324722829,L300_SNR18_A8,300.0,18.0,8.0
Fixed Peak-Rate,fixed,3225,-5.954998450439029,0.7040169268980392,4.200000000000001,0.8323769221671335,0.16762307783286645,-3.727169956900627,-5.735761974427582,0,0.0,0.0,1.0,-386.46086310865974,346.86616372479386,L300_SNR18_A8,300.0,18.0,8.0
Oracle Policy,oracle,3225,2.355026995718822,2.5022964235591854,2.5368682170542636,0.012272452320030311,0.9877275476799697,1.5117447717815427,0.1390573354812212,57,0.017674418604651163,0.0021705426356589145,0.6155038759689923,35.04818671856876,0.0,L300_SNR18_A12,300.0,18.0,12.0
Improved LSTM Policy,forecast,3225,2.334602183719737,2.509536813794293,2.5508837209302326,0.014577885839546351,0.9854221141604537,1.457016089611,0.07988151339056701,49,0.015193798449612403,0.0,0.6257364341085271,33.87693312803309,0.8672856844620093,L300_SNR18_A12,300.0,18.0,12.0
TCN Policy,forecast,3225,2.333657676412487,2.4956593186339147,2.533767441860465,0.013500136851785634,0.9864998631482144,1.521202136122628,0.11779638120464071,67,0.020775193798449613,0.0,0.6114728682170543,33.822770691925804,0.9073916921199704,L300_SNR18_A12,300.0,18.0,12.0
PatchTST Policy,forecast,3225,2.329758946631902,2.498224195121599,2.537984496124031,0.01403877070747471,0.9859612292925253,1.5066284927117752,0.09074870281117393,111,0.03441860465116279,0.00124031007751938,0.6158139534883721,33.59919941723094,1.072940952815167,L300_SNR18_A12,300.0,18.0,12.0
TFT Policy,forecast,3225,2.3281183808851216,2.4973693509198602,2.5373643410852718,0.014104247502894861,0.9858957524971051,1.509264151626504,0.09957687794348263,121,0.03751937984496124,0.0015503875968992248,0.6155038759689923,33.50512175710302,1.1426032433011353,L300_SNR18_A12,300.0,18.0,12.0
Persistence Policy,forecast,3225,2.3158693870240383,2.492735370997004,2.5346356589147283,0.01473883199774713,0.9852611680022528,1.5201168648047985,0.08289280121619319,57,0.017674418604651163,0.0021705426356589145,0.6136434108527132,32.802707554177395,1.6627244089332303,L300_SNR18_A12,300.0,18.0,12.0
LSTM-raw Policy,forecast,3225,2.311424247929564,2.5358241589612955,2.5895813953488376,0.018699992585977605,0.9813000074140223,1.3118998105412327,-0.04832660520120305,85,0.02635658914728682,0.0,0.657984496124031,32.54780263142625,1.851475497670428,L300_SNR18_A12,300.0,18.0,12.0
Fixed Balanced,fixed,3225,1.77242194435695,1.7964028623074282,1.8000000000000005,0.001998409829206511,0.9980015901707935,4.272830043099373,2.264238025572418,0,0.0,0.0,0.0,1.6389069512749999,24.73878441397842,L300_SNR18_A12,300.0,18.0,12.0
Fixed High-Rate,fixed,3225,1.7438419966545262,2.7487683993309053,3.0,0.08374386688969826,0.9162561331103017,-0.22716995690062763,-2.235761974427582,0,0.0,0.0,1.0,0.0,25.952356392320024,L300_SNR18_A12,300.0,18.0,12.0
Fixed Conservative,fixed,3225,0.9994492671686621,0.9999576359360508,1.0,4.23640639490747e-05,0.9999576359360509,8.272830043099372,6.264238025572418,0,0.0,1.0,0.0,-42.6869367129559,57.56102715656551,L300_SNR18_A12,300.0,18.0,12.0
Fixed Survival,fixed,3225,0.3499934865367923,0.3499998154079253,0.35,5.274059277531964e-07,0.9999994725940723,12.272830043099372,10.264238025572418,0,0.0,1.0,0.0,-79.92974780924894,85.13845118663006,L300_SNR18_A12,300.0,18.0,12.0
Fixed Peak-Rate,fixed,3225,-9.284506139107563,0.7040169268980392,4.200000000000001,0.8323769221671335,0.16762307783286645,-3.727169956900627,-5.735761974427582,0,0.0,0.0,1.0,-632.4167073002843,494.24202592945926,L300_SNR18_A12,300.0,18.0,12.0
Oracle Policy,oracle,3225,2.9695510499298514,3.1265808629510765,3.270883720930233,0.03925745325530614,0.9607425467446938,0.9858532989133258,-0.4488693335658624,89,0.027596899224806203,0.0,0.9968992248062016,3.2391637440764147,0.0,L300_SNR20_A4,300.0,20.0,4.0
Improved LSTM Policy,forecast,3225,2.953978631659362,3.1164621780907935,3.266046511627907,0.040620886607857946,0.9593791133921421,0.9977912834094499,-0.5042965501965241,103,0.03193798449612403,0.0,0.9990697674418605,2.6977743513073325,0.5244031171263197,L300_SNR20_A4,300.0,20.0,4.0
TCN Policy,forecast,3225,2.952794475744107,3.1204458831984034,3.2753488372093025,0.04191285186357412,0.9580871481364259,0.9700393454249537,-0.5263566734307812,119,0.03689922480620155,0.0,0.9996899224806202,2.656606085674589,0.564279714475362,L300_SNR20_A4,300.0,20.0,4.0
TFT Policy,forecast,3225,2.9498911895824067,3.118417647394109,3.2749767441860467,0.04213161445292553,0.9578683855470744,0.9760858570528608,-0.5263566734307812,163,0.05054263565891473,0.0,0.9947286821705427,2.5556706814993406,0.6620482361436127,L300_SNR20_A4,300.0,20.0,4.0
PatchTST Policy,forecast,3225,2.9450175145338933,3.086695231104771,3.214697674418605,0.03541942914271949,0.9645805708572806,1.149729267905574,-0.4575300869700853,127,0.03937984496124031,0.0,0.9968992248062015,2.3862329018791573,0.8261698480158371,L300_SNR20_A4,300.0,20.0,4.0
LSTM-raw Policy,forecast,3225,2.9449927159687843,3.123714615138097,3.290232558139535,0.04468047479232822,0.9553195252076718,0.9266284927117755,-0.5653716548208144,119,0.03689922480620155,0.0,0.9996899224806202,2.385370757036097,0.8270049427723168,L300_SNR20_A4,300.0,20.0,4.0
Persistence Policy,forecast,3225,2.9420505751159753,3.111472063555143,3.2686511627906976,0.04235537210979208,0.9576446278902079,0.9923649268203026,-0.5483878940973966,89,0.027596899224806203,0.0,0.9968992248062015,2.283084533915448,0.9260819009838442,L300_SNR20_A4,300.0,20.0,4.0
Fixed High-Rate,fixed,3225,2.8763803795342504,2.9470201626575356,3.0,0.017659945780821435,0.9823400542191786,1.7728300430993722,-0.23576197442758198,0,0.0,0.0,1.0,0.0,3.137533884046275,L300_SNR20_A4,300.0,20.0,4.0
Fixed Peak-Rate,fixed,3225,1.9660506652889829,3.0557820480748448,4.200000000000001,0.27243284569646553,0.7275671543035345,-1.7271699569006278,-3.735761974427582,0,0.0,0.0,1.0,-31.648446802180942,33.79299994403443,L300_SNR20_A4,300.0,20.0,4.0
Fixed Balanced,fixed,3225,1.7982335504827716,1.7994517915291361,1.8000000000000005,0.0003045602615910704,0.9996954397384089,6.272830043099372,4.264238025572418,0,0.0,0.0,0.0,-37.48276259713796,39.44426210402241,L300_SNR20_A4,300.0,20.0,4.0
Fixed Conservative,fixed,3225,0.9999741404364589,0.9999948280872918,1.0,5.171912708169397e-06,0.9999948280872918,10.272830043099372,8.264238025572418,0,0.0,1.0,0.0,-65.23498256519268,66.32574676700436,L300_SNR20_A4,300.0,20.0,4.0
Fixed Survival,fixed,3225,0.34999980770304445,0.3499999845278311,0.35,4.420619669996625e-08,0.9999999557938033,14.272830043099372,12.264238025572418,0,0.0,1.0,0.0,-87.83193592219826,88.21371305567175,L300_SNR20_A4,300.0,20.0,4.0
Oracle Policy,oracle,3225,2.854608876816748,3.0277047065959968,3.101581395348837,0.021636978722406122,0.9783630212775939,1.5029075624792172,-0.19759447837799016,75,0.023255813953488372,0.0,0.9736434108527132,1.741724821898886,0.0,L300_SNR20_A8,300.0,20.0,8.0
Improved LSTM Policy,forecast,3225,2.839301303456333,3.0128545195736676,3.085581395348837,0.021694152014666786,0.9783058479853333,1.543062601238907,-0.20921497199116526,56,0.017364341085271316,0.0,0.9801550387596899,1.1961443295327643,0.5362406557596429,L300_SNR20_A8,300.0,20.0,8.0
TCN Policy,forecast,3225,2.8371712262977633,3.0159080293541662,3.0915348837209304,0.022342100382050357,0.9776578996179497,1.5266284927117753,-0.2244761972810977,95,0.02945736434108527,0.0,0.9792248062015503,1.1202257944659715,0.6108595352800067,L300_SNR20_A8,300.0,20.0,8.0
TFT Policy,forecast,3225,2.8350165894500767,3.019176691204115,3.0982325581395345,0.0230200127192548,0.9769799872807452,1.5123649268203025,-0.24132837187109288,136,0.04217054263565891,0.0,0.9739534883720931,1.0434319222725572,0.6863387669598742,L300_SNR20_A8,300.0,20.0,8.0
PatchTST Policy,forecast,3225,2.8331195232064235,2.97629450611647,3.0338604651162795,0.017896872863755648,0.9821031271362444,1.701357174882318,-0.1388440458566542,98,0.030387596899224805,0.0,0.9727131782945736,0.9758181790034913,0.7527950250854615,L300_SNR20_A8,300.0,20.0,8.0
LSTM-raw Policy,forecast,3225,2.831928791750254,3.0195839876505883,3.0993488372093023,0.023456899487541757,0.9765431005124583,1.5004269423241785,-0.2899713053812157,116,0.035968992248062014,0.0,0.9826356589147287,0.9333790647926903,0.794507620665192,L300_SNR20_A8,300.0,20.0,8.0
Persistence Policy,forecast,3225,2.827855428415529,3.018582873471012,3.100837209302326,0.023840930631935403,0.9761590693680646,1.505078105114876,-0.27826473081283926,74,0.022945736434108528,0.0,0.9736434108527132,0.7881994519683432,0.9372018919471927,L300_SNR20_A8,300.0,20.0,8.0
Fixed High-Rate,fixed,3225,2.8057405964109643,2.9470201626575356,3.0,0.017659945780821435,0.9823400542191786,1.7728300430993722,-0.23576197442758198,0,0.0,0.0,1.0,0.0,1.711908093702769,L300_SNR20_A8,300.0,20.0,8.0
Fixed Balanced,fixed,3225,1.7970153094364079,1.7994517915291361,1.8000000000000005,0.0003045602615910704,0.9996954397384089,6.272830043099372,4.264238025572418,0,0.0,0.0,0.0,-35.95219345170019,37.04863303583962,L300_SNR20_A8,300.0,20.0,8.0
Fixed Conservative,fixed,3225,0.9999534527856264,0.9999948280872918,1.0,5.171912708169397e-06,0.9999948280872918,10.272830043099372,8.264238025572418,0,0.0,1.0,0.0,-64.36044536459491,64.97056178495802,L300_SNR20_A8,300.0,20.0,8.0
Fixed Peak-Rate,fixed,3225,0.8763192825031205,3.0557820480748448,4.200000000000001,0.27243284569646553,0.7275671543035345,-1.7271699569006278,-3.735761974427582,0,0.0,0.0,1.0,-68.76691724017228,69.30159891185065,L300_SNR20_A8,300.0,20.0,8.0
Fixed Survival,fixed,3225,0.3499996308782575,0.3499999845278311,0.35,4.420619669996625e-08,0.9999999557938033,14.272830043099372,12.264238025572418,0,0.0,1.0,0.0,-87.52558838383104,87.73913884593003,L300_SNR20_A8,300.0,20.0,8.0
Oracle Policy,oracle,3225,2.783716828011009,2.9542318198956745,3.0003720930232554,0.014209582657055407,0.9857904173429446,1.8300393454249535,-0.023804314094068947,74,0.022945736434108528,0.0,0.9417054263565892,1.7774852936734349,0.0,L300_SNR20_A12,300.0,20.0,12.0
Improved LSTM Policy,forecast,3225,2.7704657566437825,2.956602619548955,3.006697674418604,0.015511405242097726,0.9844885947579023,1.8041478725567366,-0.04980478554617626,92,0.028527131782945737,0.0,0.9491472868217055,1.2930032847160213,0.47602080908117034,L300_SNR20_A12,300.0,20.0,12.0
LSTM-raw Policy,forecast,3225,2.7687912184796235,2.9545239793692057,3.003720930232558,0.01547773007413189,0.9845222699258681,1.8047680275954963,-0.05167522824683243,94,0.029147286821705427,0.0,0.9572093023255814,1.231779283171957,0.5361755686209703,L300_SNR20_A12,300.0,20.0,12.0
TCN Policy,forecast,3225,2.767293008028908,2.9465407622455095,2.994418604651163,0.014937312851383456,0.9850626871486166,1.8439928337970466,-0.028449636148373248,116,0.035968992248062014,0.0,0.9451162790697675,1.1770021267528339,0.5899960734812215,L300_SNR20_A12,300.0,20.0,12.0
PatchTST Policy,forecast,3225,2.765447631020543,2.9245870602386743,2.96539534883721,0.013261619101510915,0.9867383808984891,1.9261633764327055,0.038153941410959694,100,0.031007751937984496,0.0,0.9475968992248063,1.1095319626038538,0.6562879099854333,L300_SNR20_A12,300.0,20.0,12.0
TFT Policy,forecast,3225,2.765273824689982,2.9448922151134824,2.9936744186046513,0.014968199201958288,0.9850318007980418,1.8545354694559613,-0.027280077275874167,122,0.03782945736434108,0.0,0.9367441860465117,1.1031773035830104,0.6625315885382167,L300_SNR20_A12,300.0,20.0,12.0
Persistence Policy,forecast,3225,2.7639277156636863,2.9498904340661865,3.0003720930232562,0.01549689320020829,0.9845031067997917,1.8300393454249535,-0.04980478554617626,74,0.022945736434108528,0.0,0.9417054263565892,1.0539612374052605,0.7108881244024499,L300_SNR20_A12,300.0,20.0,12.0
Fixed High-Rate,fixed,3225,2.735100813287678,2.9470201626575356,3.0,0.017659945780821435,0.9823400542191786,1.7728300430993722,-0.23576197442758198,0,0.0,0.0,1.0,0.0,1.7464425344609342,L300_SNR20_A12,300.0,20.0,12.0
Fixed Balanced,fixed,3225,1.795797068390043,1.7994517915291361,1.8000000000000005,0.0003045602615910704,0.9996954397384089,6.272830043099372,4.264238025572418,0,0.0,0.0,0.0,-34.34256391334117,35.48923330419509,L300_SNR20_A12,300.0,20.0,12.0
Fixed Conservative,fixed,3225,0.999932765134794,0.9999948280872918,1.0,5.171912708169397e-06,0.9999948280872918,10.272830043099372,8.264238025572418,0,0.0,1.0,0.0,-63.440734605579564,64.07922116671418,L300_SNR20_A12,300.0,20.0,12.0
Fixed Survival,fixed,3225,0.34999945405347077,0.3499999845278311,0.35,4.420619669996625e-08,0.9999999557938033,14.272830043099372,12.264238025572418,0,0.0,1.0,0.0,-87.20341669480328,87.42690166860295,L300_SNR20_A12,300.0,20.0,12.0
Fixed Peak-Rate,fixed,3225,-0.21341210028274168,3.0557820480748448,4.200000000000001,0.27243284569646553,0.7275671543035345,-1.7271699569006278,-3.735761974427582,0,0.0,0.0,1.0,-107.80271422705673,107.66644430695295,L300_SNR20_A12,300.0,20.0,12.0
Oracle Policy,oracle,3225,3.7787618417567415,3.9003602728789164,4.0247441860465125,0.03039960778054362,0.9696003922194564,0.7839928337970468,-0.8433716331479687,74,0.022945736434108528,0.0,1.0,26.891100115171422,0.0,L300_SNR22_A4,300.0,22.0,4.0
Improved LSTM Policy,forecast,3225,3.767766067746693,3.896048642612746,4.027720930232559,0.032070643716513296,0.9679293562834868,0.7753106632544111,-0.8724519932977528,100,0.031007751937984496,0.0,1.0,26.521861216510324,0.29098880719448683,L300_SNR22_A4,300.0,22.0,4.0
PatchTST Policy,forecast,3225,3.766152803112482,3.8970057816081822,4.031441860465117,0.03271324462392498,0.967286755376075,0.7644579500761165,-0.9131828433055702,128,0.03968992248062016,0.0,1.0,26.467687671633833,0.3336817500622833,L300_SNR22_A4,300.0,22.0,4.0
LSTM-raw Policy,forecast,3225,3.765044734703519,3.915883556661935,4.071627906976745,0.03770970548960414,0.9622902945103958,0.6472486477505351,-1.1224938577275636,70,0.021705426356589147,0.0,1.0,26.430478653097015,0.36300533422464704,L300_SNR22_A4,300.0,22.0,4.0
TCN Policy,forecast,3225,3.764379916691986,3.883982296498424,4.006511627906978,0.029900594951609624,0.9700994050483904,0.8371711283706902,-0.7895701766786637,110,0.034108527131782945,0.0,1.0,26.40815401545311,0.3805988751614345,L300_SNR22_A4,300.0,22.0,4.0
TFT Policy,forecast,3225,3.763396056919269,3.874645507564525,3.9882790697674433,0.02781236266131418,0.9721876373386859,0.8903494229443337,-0.7114897567791387,136,0.04217054263565891,0.0,1.0,26.375115932041894,0.4066354398860153,L300_SNR22_A4,300.0,22.0,4.0
Persistence Policy,forecast,3225,3.7620031508686083,3.89160181431521,4.0247441860465125,0.032399665861650356,0.9676003341383497,0.7839928337970468,-0.9142305755562127,74,0.022945736434108528,0.0,1.0,26.32834204458164,0.4434968804581266,L300_SNR22_A4,300.0,22.0,4.0
Fixed Peak-Rate,fixed,3225,3.730053787817847,3.9592958425408487,4.200000000000001,0.05731051368075046,0.9426894863192495,0.27283004309937237,-1.7357619744275827,0,0.0,0.0,1.0,25.25548008734186,1.2889950724243142,L300_SNR22_A4,300.0,22.0,4.0
Fixed High-Rate,fixed,3225,2.977956561434952,2.990552812043551,3.0,0.003149062652149726,0.9968509373478502,3.772830043099373,1.7642380255724173,0,0.0,0.0,1.0,0.0,21.19226651101928,L300_SNR22_A4,300.0,22.0,4.0
Fixed Balanced,fixed,3225,1.7997542884290954,1.7999237446848921,1.8000000000000005,4.23640639490747e-05,0.9999576359360509,8.272830043099372,6.264238025572418,0,0.0,0.0,0.0,-39.56411884121408,52.37185184466688,L300_SNR22_A4,300.0,22.0,4.0
Fixed Conservative,fixed,3225,0.999997362970361,0.9999994725940723,1.0,5.274059277531964e-07,0.9999994725940723,12.272830043099374,10.264238025572418,0,0.0,1.0,0.0,-66.42001512310495,73.53637501257651,L300_SNR22_A4,300.0,22.0,4.0
Fixed Survival,fixed,3225,0.34999998348869765,0.3499999986715044,0.35,3.795701708850788e-09,0.9999999962042982,16.272830043099376,14.264238025572418,0,0.0,1.0,0.0,-88.24697485446036,90.73770726641023,L300_SNR22_A4,300.0,22.0,4.0
Oracle Policy,oracle,3225,3.6931287675852023,3.8168883826700424,3.878139534883722,0.015469951885604922,0.984530048114395,1.211589733021853,-0.06526521055602075,64,0.01984496124031008,0.0,1.0,24.542328097594414,0.0,L300_SNR22_A8,300.0,22.0,8.0
TCN Policy,forecast,3225,3.6759372723147554,3.801388298093681,3.8636279069767445,0.015681378222365667,0.9843186217776343,1.2539153144172017,0.005879155995151614,112,0.03472868217054263,0.0,1.0,23.962584205842656,0.4654994816681603,L300_SNR22_A8,300.0,22.0,8.0
PatchTST Policy,forecast,3225,3.674491608951436,3.8142800480944516,3.8840930232558146,0.017473554892876865,0.9825264451071232,1.1942253919365817,-0.1263917432779422,130,0.040310077519379844,0.0,1.0,23.91383251256473,0.5046441596444056,L300_SNR22_A8,300.0,22.0,8.0
Improved LSTM Policy,forecast,3225,3.674393330203714,3.813519378489693,3.882976744186047,0.017390756035747412,0.9826092439642526,1.1974812058900701,-0.10386138221095817,100,0.031007751937984496,0.0,1.0,23.910518286385763,0.5073052839622135,L300_SNR22_A8,300.0,22.0,8.0
TFT Policy,forecast,3225,3.6733974840774555,3.8014816732444734,3.865116279069768,0.016010523645877284,0.9839894763541227,1.249574229145884,-0.031138499251244255,138,0.04279069767441861,0.0,1.0,23.876935651499114,0.5342701202549274,L300_SNR22_A8,300.0,22.0,8.0
Persistence Policy,forecast,3225,3.6695102215246918,3.8076862253034367,3.8766511627906985,0.017272000472343032,0.982727999527657,1.2159308182931707,-0.10654567874931825,65,0.020155038759689922,0.0,1.0,23.745846605133597,0.63952674133141,L300_SNR22_A8,300.0,22.0,8.0
LSTM-raw Policy,forecast,3225,3.666164442269407,3.847403119177492,3.9391627906976754,0.02265483461351055,0.9773451653864894,1.0336052368978221,-0.44063808358349016,80,0.024806201550387597,0.0,1.0,23.6330178455704,0.7301214502040267,L300_SNR22_A8,300.0,22.0,8.0
Fixed Peak-Rate,fixed,3225,3.5008117330948445,3.9592958425408487,4.200000000000001,0.05731051368075046,0.9426894863192495,0.27283004309937237,-1.7357619744275827,0,0.0,0.0,1.0,18.056875594968687,5.207428351221737,L300_SNR22_A8,300.0,22.0,8.0
Fixed High-Rate,fixed,3225,2.965360310826353,2.990552812043551,3.0,0.003149062652149726,0.9968509373478502,3.772830043099373,1.7642380255724173,0,0.0,0.0,1.0,0.0,19.706013587896354,L300_SNR22_A8,300.0,22.0,8.0
Fixed Balanced,fixed,3225,1.799584832173299,1.7999237446848921,1.8000000000000005,4.23640639490747e-05,0.9999576359360509,8.272830043099372,6.264238025572418,0,0.0,0.0,0.0,-39.3131139712391,51.272079978137896,L300_SNR22_A8,300.0,22.0,8.0
Fixed Conservative,fixed,3225,0.9999952533466501,0.9999994725940723,1.0,5.274059277531964e-07,0.9999994725940723,12.272830043099374,10.264238025572418,0,0.0,1.0,0.0,-66.27744528394315,72.92281649847511,L300_SNR22_A8,300.0,22.0,8.0
Fixed Survival,fixed,3225,0.3499999683058907,0.3499999986715044,0.35,3.795701708850788e-09,0.9999999962042982,16.272830043099376,14.264238025572418,0,0.0,1.0,0.0,-88.19705089367854,90.52294164834274,L300_SNR22_A8,300.0,22.0,8.0
Oracle Policy,oracle,3225,3.6411922101084824,3.772299917816812,3.8145116279069775,0.01092564230902749,0.9890743576909725,1.3981013609288295,0.28977743197781936,57,0.017674418604651163,0.0,0.9990697674418605,23.31470228745468,0.0,L300_SNR22_A12,300.0,22.0,12.0
Improved LSTM Policy,forecast,3225,3.623093317173238,3.768724062731086,3.8160000000000007,0.012135895463154028,0.9878641045368459,1.3928300430993723,0.2793631195429541,59,0.018294573643410854,0.0,1.0,22.70175480617472,0.4970595313534783,L300_SNR22_A12,300.0,22.0,12.0
TCN Policy,forecast,3225,3.6230320618486918,3.754401169667336,3.796651162790698,0.010947425651553627,0.9890525743484464,1.449264151626504,0.33629478562896087,85,0.02635658914728682,0.0,1.0,22.699680298245983,0.49874181893983494,L300_SNR22_A12,300.0,22.0,12.0
TFT Policy,forecast,3225,3.6192424443390077,3.762179469261659,3.808558139534884,0.011911418743554338,0.9880885812564456,1.415775779533481,0.29096446185312147,115,0.03565891472868217,0.0,0.9987596899224807,22.571338939695156,0.602818101954051,L300_SNR22_A12,300.0,22.0,12.0
PatchTST Policy,forecast,3225,3.6160218699112203,3.765465599314703,3.8141395348837217,0.01245364411695692,0.9875463558830431,1.3994967097660391,0.2533091015171124,133,0.04124031007751938,0.0,0.9987596899224805,22.46226912029516,0.6912664518886288,L300_SNR22_A12,300.0,22.0,12.0
Persistence Policy,forecast,3225,3.61243701869432,3.763149221005649,3.8122790697674427,0.012559350192610792,0.9874406498073892,1.4046129888358065,0.26171742652469954,57,0.017674418604651163,0.0,0.9990697674418605,22.34086249437478,0.7897191291998688,L300_SNR22_A12,300.0,22.0,12.0
LSTM-raw Policy,forecast,3225,3.6011348946027555,3.8086764894977025,3.8777674418604655,0.017295132907912236,0.9827048670920877,1.2126750043396826,-0.08438869863923051,103,0.03193798449612403,0.0,1.0,21.958098282230743,1.1001153796419183,L300_SNR22_A12,300.0,22.0,12.0
Fixed Peak-Rate,fixed,3225,3.271569678371843,3.9592958425408487,4.200000000000001,0.05731051368075046,0.9426894863192495,0.27283004309937237,-1.7357619744275827,0,0.0,0.0,1.0,10.796853783521682,10.151140352066914,L300_SNR22_A12,300.0,22.0,12.0
Fixed High-Rate,fixed,3225,2.952764060217754,2.990552812043551,3.0,0.003149062652149726,0.9968509373478502,3.772830043099373,1.7642380255724173,0,0.0,0.0,1.0,0.0,18.90666875479825,L300_SNR22_A12,300.0,22.0,12.0
Fixed Balanced,fixed,3225,1.799415375917503,1.7999237446848921,1.8000000000000005,4.23640639490747e-05,0.9999576359360509,8.272830043099372,6.264238025572418,0,0.0,0.0,0.0,-39.059967568665016,50.58169763952415,L300_SNR22_A12,300.0,22.0,12.0
Fixed Conservative,fixed,3225,0.9999931437229395,0.9999994725940723,1.0,5.274059277531964e-07,0.9999994725940723,12.272830043099374,10.264238025572418,0,0.0,1.0,0.0,-66.13365906217396,72.53665596265935,L300_SNR22_A12,300.0,22.0,12.0
Fixed Survival,fixed,3225,0.34999995312308396,0.3499999986715044,0.35,3.795701708850788e-09,0.9999999962042982,16.272830043099376,14.264238025572418,0,0.0,1.0,0.0,-88.14670098980842,90.38776497018111,L300_SNR22_A12,300.0,22.0,12.0
Oracle Policy,oracle,3225,2.018800959297844,2.255467157726133,2.4045271317829457,0.05916654960707224,0.9408334503929278,0.1123029786976991,-1.3098939099572646,105,0.03255813953488372,0.024806201550387597,0.5203100775193799,26.856454894226108,0.0,L500_SNR18_A4,500.0,18.0,4.0
TCN Policy,forecast,3225,1.994525745536778,2.2471684367963056,2.4075038759689926,0.06316067281488177,0.9368393271851182,0.09555879265118747,-1.5213823897732588,151,0.04682170542635659,0.019224806201550388,0.5190697674418605,25.331060552923915,1.2024570153517824,L500_SNR18_A4,500.0,18.0,4.0
TFT Policy,forecast,3225,1.992805235478661,2.2443597276356133,2.404527131782946,0.06288862303923809,0.937111376960762,0.11230297869769913,-1.5021627169925462,187,0.05798449612403101,0.024806201550387597,0.5203100775193799,25.22294795986348,1.287681368460641,L500_SNR18_A4,500.0,18.0,4.0
Improved LSTM Policy,forecast,3225,1.9920934322333366,2.2549228600760527,2.422883720930233,0.06570735696067914,0.9342926430393208,0.03726421900777663,-1.5965646556441888,105,0.03255813953488372,0.018604651162790697,0.5314728682170543,25.17822000594203,1.322940081908645,L500_SNR18_A4,500.0,18.0,4.0
PatchTST Policy,forecast,3225,1.98851657111671,2.2359545194844674,2.3931162790697673,0.06185948709193935,0.9381405129080607,0.15633398644963709,-1.5160170278419316,199,0.06170542635658915,0.026046511627906978,0.5116279069767442,24.953458907620554,1.500117584235102,L500_SNR18_A4,500.0,18.0,4.0
LSTM-raw Policy,forecast,3225,1.986903590334733,2.2739020239836556,2.4599689922480623,0.07174960841223049,0.9282503915877696,-0.10397609106974275,-1.7449063730182743,173,0.05364341085271318,0.016434108527131782,0.5609302325581396,24.85210318809221,1.5800155441874364,L500_SNR18_A4,500.0,18.0,4.0
Persistence Policy,forecast,3225,1.981820684313198,2.2383567804724667,2.402294573643411,0.06413402403981724,0.9358659759601827,0.12067507172095493,-1.5815469838727274,105,0.03255813953488372,0.024806201550387597,0.5184496124031007,24.532705956045767,1.8317940069489569,L500_SNR18_A4,500.0,18.0,4.0
Fixed Balanced,fixed,3225,1.6455425861720046,1.7520649405361395,1.8000000000000005,0.026630588591033743,0.9733694114089663,2.354473521333358,-1.2267865266136952,0,0.0,0.0,0.0,3.401822699678767,18.489112133950137,L500_SNR18_A4,500.0,18.0,4.0
Fixed High-Rate,fixed,3225,1.591405783001847,2.396316764143649,3.0,0.20122774528545043,0.7987722547145496,-2.145526478666642,-5.7267865266136955,0,0.0,0.0,1.0,0.0,21.170743669779537,L500_SNR18_A4,500.0,18.0,4.0
Fixed Conservative,fixed,3225,0.9824021650464634,0.9964804330092928,1.0,0.003519566990707325,0.9964804330092927,6.354473521333357,2.7732134733863045,0,0.0,1.0,0.0,-38.26827981023347,51.337344054554485,L500_SNR18_A4,500.0,18.0,4.0
Fixed Survival,fixed,3225,0.3483250928286184,0.3498652373540267,0.35,0.00038503613135209837,0.9996149638686479,10.354473521333357,6.7732134733863045,0,0.0,1.0,0.0,-78.11211341889323,82.74594178171141,L500_SNR18_A4,500.0,18.0,4.0
Fixed Peak-Rate,fixed,3225,-2.238579032957374,0.9021912270218331,4.200000000000001,0.7851925649948017,0.21480743500519828,-5.645526478666643,-9.226786526613695,0,0.0,0.0,1.0,-240.66676499910488,210.88656475257326,L500_SNR18_A4,500.0,18.0,4.0
Oracle Policy,oracle,3225,1.8447366337221474,2.1046933828300256,2.182434108527132,0.03249459363848475,0.9675054063615153,1.0267215833488619,-0.5395745399876372,155,0.04806201550387597,0.10201550387596899,0.3882170542635659,134.5516625614537,0.0,L500_SNR18_A8,500.0,18.0,8.0
Improved LSTM Policy,forecast,3225,1.7997145370130676,2.1119431375419278,2.2074883720930236,0.03902857506610756,0.9609714249338924,0.9214502655194046,-0.8178621241058855,173,0.05364341085271318,0.09457364341085271,0.4027906976744186,128.8272640527028,2.440570425396612,L500_SNR18_A8,500.0,18.0,8.0
PatchTST Policy,forecast,3225,1.797998317960943,2.077766083690113,2.1612558139534888,0.03497097071614627,0.9650290292838537,1.0995898004031255,-0.7037454937605921,279,0.08651162790697674,0.09643410852713177,0.3665116279069767,128.6090529408091,2.533603708346161,L500_SNR18_A8,500.0,18.0,8.0
TCN Policy,forecast,3225,1.7961723164495988,2.095337011502856,2.187147286821706,0.0373955868816571,0.9626044131183429,1.0147835988527378,-0.7754677010027002,225,0.06976744186046512,0.1116279069767442,0.3972093023255814,128.37688338202432,2.63258810958612,L500_SNR18_A8,500.0,18.0,8.0
TFT Policy,forecast,3225,1.7922110990093225,2.084138991149417,2.174682170542636,0.03649098651751176,0.9635090134824882,1.0812952267597147,-0.707194116190034,299,0.09271317829457364,0.1255813953488372,0.39813953488372095,127.87322875761889,2.8473188938002187,L500_SNR18_A8,500.0,18.0,8.0
LSTM-raw Policy,forecast,3225,1.7890096854599766,2.1302099278136355,2.2350232558139536,0.04265003029420731,0.9573499697057927,0.8005200329612651,-1.001124683339269,185,0.05736434108527132,0.07689922480620155,0.413953488372093,127.46618047938809,3.0208620159361064,L500_SNR18_A8,500.0,18.0,8.0
Persistence Policy,forecast,3225,1.7848280865136814,2.087585301254383,2.180201550387597,0.03784465184258772,0.9621553481574123,1.0350936763721177,-0.8007373558946055,155,0.04806201550387597,0.10201550387596899,0.3863565891472868,126.93450513501128,3.247539302539233,L500_SNR18_A8,500.0,18.0,8.0
Fixed Balanced,fixed,3225,1.5390202318078692,1.7520649405361395,1.8000000000000005,0.026630588591033743,0.9733694114089663,2.354473521333358,-1.2267865266136952,0,0.0,0.0,0.0,95.680915902828,16.572360321019403,L500_SNR18_A8,500.0,18.0,8.0
Fixed Conservative,fixed,3225,0.9683238970836341,0.9964804330092928,1.0,0.003519566990707325,0.9964804330092927,6.354473521333357,2.7732134733863045,0,0.0,1.0,0.0,23.118918878238777,47.50882703891258,L500_SNR18_A8,500.0,18.0,8.0
Fixed High-Rate,fixed,3225,0.7864948018600454,2.396316764143649,3.0,0.20122774528545043,0.7987722547145496,-2.145526478666642,-5.7267865266136955,0,0.0,0.0,1.0,0.0,57.36546954818557,L500_SNR18_A8,500.0,18.0,8.0
Fixed Survival,fixed,3225,0.34678494830320994,0.3498652373540267,0.35,0.00038503613135209837,0.9996149638686479,10.354473521333357,6.7732134733863045,0,0.0,1.0,0.0,-55.907534610137276,81.20138441640323,L500_SNR18_A8,500.0,18.0,8.0
Fixed Peak-Rate,fixed,3225,-5.379349292936581,0.9021912270218331,4.200000000000001,0.7851925649948017,0.21480743500519828,-5.645526478666643,-9.226786526613695,0,0.0,0.0,1.0,-783.9650154348791,391.60527278534084,L500_SNR18_A8,500.0,18.0,8.0
Oracle Policy,oracle,3225,1.7428970933631074,1.9844036799809108,2.0314263565891473,0.020125548884816952,0.979874451115183,1.676644063969017,-0.07543809022491672,163,0.05054263565891473,0.17209302325581394,0.3137984496124031,9563.945081647238,0.0,L500_SNR18_A12,500.0,18.0,12.0
Improved LSTM Policy,forecast,3225,1.685140260087882,1.9968893787561146,2.0593488372093023,0.025979093222352742,0.9740209067776473,1.5591246841240558,-0.32579257829325664,207,0.0641860465116279,0.1655813953488372,0.33054263565891473,9250.32501750917,3.313840702079397,L500_SNR18_A12,500.0,18.0,12.0
TCN Policy,forecast,3225,1.684864205474643,1.9758796896136352,2.034248062015504,0.024251290344915993,0.975748709655084,1.6741634438139783,-0.27570820505984944,269,0.08341085271317829,0.1869767441860465,0.32372093023255816,9248.826038763278,3.3296795381351916,L500_SNR18_A12,500.0,18.0,12.0
TFT Policy,forecast,3225,1.6836191572931805,1.9715989823646434,2.030139534883721,0.023998318755955265,0.9760016812440447,1.7051711957519626,-0.22749087712456548,315,0.09767441860465116,0.19627906976744186,0.32868217054263565,9242.065417233622,3.4011150913989865,L500_SNR18_A12,500.0,18.0,12.0
PatchTST Policy,forecast,3225,1.6760338574075675,1.9509930681661285,2.003705426356589,0.022913267563213418,0.9770867324367866,1.766876622108552,-0.2417458390664425,261,0.08093023255813954,0.16031007751937984,0.28217054263565894,9200.877178513947,3.8363272398670474,L500_SNR18_A12,500.0,18.0,12.0
LSTM-raw Policy,forecast,3225,1.666754052428643,2.032612899153117,2.105658914728682,0.030488237227039527,0.9695117627729605,1.346411505829482,-0.5542577661411093,243,0.07534883720930233,0.12992248062015505,0.34418604651162793,9150.487763657862,4.368762861812923,L500_SNR18_A12,500.0,18.0,12.0
Persistence Policy,forecast,3225,1.664213522860339,1.9686532680401643,2.0291937984496125,0.02536997876498541,0.9746300212350146,1.6850161569922728,-0.36956760429179664,163,0.05054263565891473,0.17209302325581394,0.31193798449612403,9136.692667892148,4.51452761051658,L500_SNR18_A12,500.0,18.0,12.0
Fixed Balanced,fixed,3225,1.4324978774437345,1.7520649405361395,1.8000000000000005,0.026630588591033743,0.9733694114089663,2.354473521333358,-1.2267865266136952,0,0.0,0.0,0.0,7878.474869990111,17.809382843161686,L500_SNR18_A12,500.0,18.0,12.0
Fixed Conservative,fixed,3225,0.954245629120805,0.9964804330092928,1.0,0.003519566990707325,0.9964804330092927,6.354473521333357,2.7732134733863045,0,0.0,1.0,0.0,5281.561357116655,45.24945662285285,L500_SNR18_A12,500.0,18.0,12.0
Fixed Survival,fixed,3225,0.3452448037778016,0.3498652373540267,0.35,0.00038503613135209837,0.9996149638686479,10.354473521333357,6.7732134733863045,0,0.0,1.0,0.0,1974.6820309238308,80.19132597716286,L500_SNR18_A12,500.0,18.0,12.0
Fixed High-Rate,fixed,3225,-0.01841617928175624,2.396316764143649,3.0,0.20122774528545043,0.7987722547145496,-2.145526478666642,-5.7267865266136955,0,0.0,0.0,1.0,0.0,101.05664180357432,L500_SNR18_A12,500.0,18.0,12.0
Fixed Peak-Rate,fixed,3225,-8.520119552915787,0.9021912270218331,4.200000000000001,0.7851925649948017,0.21480743500519828,-5.645526478666643,-9.226786526613695,0,0.0,0.0,1.0,-46164.316949586486,588.8481130274478,L500_SNR18_A12,500.0,18.0,12.0
Oracle Policy,oracle,3225,2.4929690043280077,2.652693135205213,2.7626046511627913,0.03993103271930141,0.9600689672806986,0.75059755234111,-1.615255801522534,80,0.024806201550387597,0.0009302325581395349,0.7978294573643411,2.9044227650903647,0.0,L500_SNR20_A4,500.0,20.0,4.0
Improved LSTM Policy,forecast,3225,2.4801296975757428,2.650392049972473,2.7681860465116284,0.04256558809918259,0.9574344119008175,0.7240859244341332,-1.829670282544665,102,0.03162790697674418,0.0,0.8065116279069767,2.37444367279038,0.5150207134535099,L500_SNR20_A4,500.0,20.0,4.0
TCN Policy,forecast,3225,2.479467619943889,2.6360796073421926,2.743255813953488,0.03915299684957583,0.9608470031504242,0.8175742965271565,-1.5773597420327206,122,0.03782945736434108,0.0,0.7857364341085271,2.347114525731878,0.5415785098281992,L500_SNR20_A4,500.0,20.0,4.0
LSTM-raw Policy,forecast,3225,2.4777898030653023,2.672090482427983,2.808744186046512,0.04857516984067026,0.9514248301593298,0.5716828236589394,-2.1360998132228457,106,0.032868217054263564,0.0,0.8406201550387596,2.2778578373828573,0.6088804648735323,L500_SNR20_A4,500.0,20.0,4.0
PatchTST Policy,forecast,3225,2.4776755524807337,2.6497292239064145,2.769054263565892,0.043013417856420204,0.9569865821435798,0.7217603430387844,-1.873536595362028,152,0.04713178294573643,0.00124031007751938,0.8083720930232559,2.273141817875517,0.6134633772310566,L500_SNR20_A4,500.0,20.0,4.0
TFT Policy,forecast,3225,2.477656143211127,2.631269055904052,2.7374263565891477,0.038403228173231156,0.9615967718267688,0.8478068546666914,-1.4617407382593837,160,0.04961240310077519,0.00124031007751938,0.7745736434108528,2.272340644783635,0.6142419376372608,L500_SNR20_A4,500.0,20.0,4.0
Persistence Policy,forecast,3225,2.4725053662440897,2.643087566454909,2.762232558139535,0.04264555005270496,0.957354449947295,0.7519929011783193,-1.8472134408380048,81,0.025116279069767444,0.0009302325581395349,0.7975193798449612,2.0597275999906546,0.8208540919839523,L500_SNR20_A4,500.0,20.0,4.0
Fixed High-Rate,fixed,3225,2.4226062761354226,2.7525455469151816,3.0,0.08248481769493961,0.9175151823050604,-0.14552647866664203,-3.7267865266136955,0,0.0,0.0,1.0,0.0,2.8224469726831516,L500_SNR20_A4,500.0,20.0,4.0
Fixed Balanced,fixed,3225,1.7420186203927552,1.7820057787425791,1.8000000000000005,0.009996789587455996,0.990003210412544,4.354473521333357,0.7732134733863048,0,0.0,0.0,0.0,-28.093201212553236,30.12273247808289,L500_SNR20_A4,500.0,20.0,4.0
Fixed Conservative,fixed,3225,0.9940800431804877,0.9988160086360977,1.0,0.0011839913639024322,0.9988160086360975,8.354473521333357,4.7732134733863045,0,0.0,1.0,0.0,-58.96650425729686,60.12465291567286,L500_SNR20_A4,500.0,20.0,4.0
Fixed Peak-Rate,fixed,3225,0.8743895288651627,2.49663853917484,4.200000000000001,0.40556225257741924,0.5944377474225808,-3.645526478666642,-7.2267865266136955,0,0.0,0.0,1.0,-63.907072417066395,64.92577615898362,L500_SNR20_A4,500.0,20.0,4.0
Fixed Survival,fixed,3225,0.34947417251987856,0.3499576920418293,0.35,0.00012087988048768705,0.9998791201195123,12.354473521333357,8.773213473386305,0,0.0,1.0,0.0,-85.57445442280596,85.9816077972425,L500_SNR20_A4,500.0,20.0,4.0
Oracle Policy,oracle,3225,2.381127077693577,2.5489580308129636,2.601736434108527,0.020978869139923372,0.9790211308600766,1.3653262345116526,-0.26883948856940776,69,0.021395348837209303,0.017364341085271316,0.6796899224806201,13.78432744434114,0.0,L500_SNR20_A8,500.0,20.0,8.0
Improved LSTM Policy,forecast,3225,2.3627220409419896,2.5463871705232486,2.6048372093023255,0.02295814119765736,0.9770418588023426,1.3502874748217302,-0.331292468672159,71,0.02201550387596899,0.013953488372093023,0.68,12.904825989762632,0.7729548298369343,L500_SNR20_A8,500.0,20.0,8.0
TCN Policy,forecast,3225,2.3622430692448635,2.532458391483632,2.585736434108527,0.021276915279846036,0.978723084720154,1.4216053042790944,-0.22664012439725192,99,0.030697674418604652,0.013643410852713178,0.6638759689922481,12.881937890705291,0.7930701652011443,L500_SNR20_A8,500.0,20.0,8.0
TFT Policy,forecast,3225,2.35956260772684,2.5392306008335823,2.5964031007751944,0.022458499138342844,0.9775415008616571,1.3850161569922728,-0.3039865042749046,125,0.03875968992248062,0.017054263565891473,0.6750387596899224,12.753849594231767,0.9056412893185499,L500_SNR20_A8,500.0,20.0,8.0
PatchTST Policy,forecast,3225,2.3566081672851196,2.5428564992309455,2.602480620155039,0.023281041493228197,0.9767189585067718,1.3616053042790945,-0.3789071037440802,147,0.045581395348837206,0.016434108527131782,0.6796899224806201,12.612668965199095,1.0297186839858719,L500_SNR20_A8,500.0,20.0,8.0
Persistence Policy,forecast,3225,2.351324317673917,2.5392892350108855,2.5995038759689924,0.023495614667121058,0.976504385332879,1.3736983275349084,-0.3985441772794459,69,0.021395348837209303,0.017364341085271316,0.6778294573643411,12.360175396098997,1.2516240858731464,L500_SNR20_A8,500.0,20.0,8.0
LSTM-raw Policy,forecast,3225,2.3452543996053175,2.58826955111937,2.669333333333333,0.030376893939256546,0.9696231060607434,1.1050161569922727,-0.9324841856324468,117,0.03627906976744186,0.010542635658914728,0.7314728682170543,12.07011882937983,1.5065419407605452,L500_SNR20_A8,500.0,20.0,8.0
Fixed High-Rate,fixed,3225,2.0926670053556644,2.7525455469151816,3.0,0.08248481769493961,0.9175151823050604,-0.14552647866664203,-3.7267865266136955,0,0.0,0.0,1.0,0.0,12.11443417028052,L500_SNR20_A8,500.0,20.0,8.0
Fixed Balanced,fixed,3225,1.7020314620429313,1.7820057787425791,1.8000000000000005,0.009996789587455996,0.990003210412544,4.354473521333357,0.7732134733863048,0,0.0,0.0,0.0,-18.666875442342135,28.519923275511857,L500_SNR20_A8,500.0,20.0,8.0
Fixed Conservative,fixed,3225,0.989344077724878,0.9988160086360977,1.0,0.0011839913639024322,0.9988160086360975,8.354473521333357,4.7732134733863045,0,0.0,1.0,0.0,-52.72329160860776,58.45059732455846,L500_SNR20_A8,500.0,20.0,8.0
Fixed Survival,fixed,3225,0.3489906529979278,0.3499576920418293,0.35,0.00012087988048768705,0.9998791201195123,12.354473521333357,8.773213473386305,0,0.0,1.0,0.0,-83.32316359436201,85.3434679624084,L500_SNR20_A8,500.0,20.0,8.0
Fixed Peak-Rate,fixed,3225,-0.7478594814445143,2.49663853917484,4.200000000000001,0.40556225257741924,0.5944377474225808,-3.645526478666642,-7.2267865266136955,0,0.0,0.0,1.0,-135.7371468814939,131.4077937481989,L500_SNR20_A8,500.0,20.0,8.0
Oracle Policy,oracle,3225,2.308657639193539,2.4954899148007623,2.5333643410852713,0.015569356300601932,0.984430643699398,1.6416053042790946,0.20279582382823758,89,0.027596899224806203,0.03627906976744186,0.6356589147286822,30.97074459709332,0.0,L500_SNR20_A12,500.0,20.0,12.0
Improved LSTM Policy,forecast,3225,2.2826757266237423,2.5042145247494525,2.549891472868217,0.018461566510475848,0.9815384334895242,1.57059755234111,0.0025709900452051565,75,0.023255813953488372,0.028217054263565893,0.6437209302325582,29.496783981386102,1.1254121065292677,L500_SNR20_A12,500.0,20.0,12.0
TCN Policy,forecast,3225,2.2818409254477605,2.4912203575829697,2.533891472868217,0.017448286011267418,0.9825517139887325,1.6315277848992495,0.10128449651573813,107,0.03317829457364341,0.029147286821705427,0.6310077519379845,29.4494254948991,1.161571698224873,L500_SNR20_A12,500.0,20.0,12.0
PatchTST Policy,forecast,3225,2.2769687317863982,2.4925546677442783,2.5372868217054267,0.017965494663156622,0.9820345053368433,1.6273417383876216,0.04606556517346258,156,0.04837209302325581,0.037209302325581395,0.6393798449612403,29.173024689159554,1.3726118099611555,L500_SNR20_A12,500.0,20.0,12.0
TFT Policy,forecast,3225,2.276537825239229,2.4913216561649434,2.53584496124031,0.01789865257714286,0.9821013474228572,1.6319929011783192,0.0872641563856182,149,0.0462015503875969,0.035968992248062014,0.6375193798449612,29.14857924936095,1.3912766193228228,L500_SNR20_A12,500.0,20.0,12.0
Persistence Policy,forecast,3225,2.2635435182536474,2.4850331880010694,2.5311317829457365,0.01845747247895179,0.9815425275210482,1.6499773973023504,-0.0007599239056563095,89,0.027596899224806203,0.03627906976744186,0.6337984496124031,28.411408855391507,1.9541278089050498,L500_SNR20_A12,500.0,20.0,12.0
LSTM-raw Policy,forecast,3225,2.2568031591412625,2.535091321141416,2.595286821705426,0.02319068016667949,0.9768093198333205,1.3994347616434355,-0.3057298880359688,125,0.03875968992248062,0.027286821705426356,0.6809302325581396,28.029026540745136,2.2460879071870736,L500_SNR20_A12,500.0,20.0,12.0
Fixed High-Rate,fixed,3225,1.7627277345759063,2.7525455469151816,3.0,0.08248481769493961,0.9175151823050604,-0.14552647866664203,-3.7267865266136955,0,0.0,0.0,1.0,0.0,23.647070719777112,L500_SNR20_A12,500.0,20.0,12.0
Fixed Balanced,fixed,3225,1.6620443036931074,1.7820057787425791,1.8000000000000005,0.009996789587455996,0.990003210412544,4.354473521333357,0.7732134733863048,0,0.0,0.0,0.0,-5.711797057928644,28.008195088047223,L500_SNR20_A12,500.0,20.0,12.0
Fixed Conservative,fixed,3225,0.9846081122692684,0.9988160086360977,1.0,0.0011839913639024322,0.9988160086360975,8.354473521333357,4.7732134733863045,0,0.0,1.0,0.0,-44.14292729636124,57.35148878058802,L500_SNR20_A12,500.0,20.0,12.0
Fixed Survival,fixed,3225,0.34850713347597706,0.3499576920418293,0.35,0.00012087988048768705,0.9998791201195123,12.354473521333357,8.773213473386305,0,0.0,1.0,0.0,-80.22910023822685,84.90433888682959,L500_SNR20_A12,500.0,20.0,12.0
Fixed Peak-Rate,fixed,3225,-2.3701084917541912,2.49663853917484,4.200000000000001,0.40556225257741924,0.5944377474225808,-3.645526478666642,-7.2267865266136955,0,0.0,0.0,1.0,-234.4568673462447,202.66175683728136,L500_SNR20_A12,500.0,20.0,12.0
Oracle Policy,oracle,3225,3.232129265962938,3.462841065438668,3.668279069767442,0.0576779498689325,0.9423220501310675,-0.07358849417051797,-1.4730441780958843,89,0.027596899224806203,0.0,0.9789147286821706,16.913652192738613,0.0,L500_SNR22_A4,500.0,22.0,4.0
Improved LSTM Policy,forecast,3225,3.2099906645538074,3.4590480366698397,3.6835348837209305,0.06226434302900803,0.9377356569709919,-0.12273578099222339,-1.8428525723399178,83,0.02573643410852713,0.0,0.9835658914728682,16.1128473572273,0.6849540840543952,L500_SNR22_A4,500.0,22.0,4.0
TFT Policy,forecast,3225,3.20921532740836,3.449433489986031,3.665302325581396,0.0600545406444177,0.9399454593555823,-0.06397609106974277,-1.7341812912098888,147,0.045581395348837206,0.0,0.9779844961240309,16.08480160475398,0.7089425164977534,L500_SNR22_A4,500.0,22.0,4.0
TCN Policy,forecast,3225,3.2089447127287842,3.450224898739875,3.666418604651163,0.06032004650277269,0.9396799534972273,-0.07281330037206835,-1.7969690522217994,135,0.04186046511627907,0.0,0.9835658914728682,16.075012840777447,0.7173151605756212,L500_SNR22_A4,500.0,22.0,4.0
PatchTST Policy,forecast,3225,3.2046709046696433,3.442871585915038,3.656372093023257,0.05955017031134864,0.9404498296886513,-0.03916988951935517,-1.7620745961734037,185,0.05736434108527132,0.0,0.9792248062015503,15.920419237660505,0.8495440322407407,L500_SNR22_A4,500.0,22.0,4.0
LSTM-raw Policy,forecast,3225,3.2037236337332113,3.47458813658227,3.7226046511627913,0.06771612571226457,0.9322838742877354,-0.2385497344805955,-1.9547023816496625,113,0.03503875968992248,0.0,0.9854263565891472,15.886154239053988,0.8788519855583123,L500_SNR22_A4,500.0,22.0,4.0
Persistence Policy,forecast,3225,3.1945272617849234,3.4421738441704384,3.666046511627907,0.06191164559637866,0.9380883544036214,-0.0670768662635412,-1.8909158500762715,89,0.027596899224806203,0.0,0.9789147286821704,15.553500021687203,1.1633818168721006,L500_SNR22_A4,500.0,22.0,4.0
Fixed Peak-Rate,fixed,3225,2.8866026708821186,3.5272842948420604,4.200000000000001,0.16017040598998558,0.8398295940100144,-1.645526478666642,-5.2267865266136955,0,0.0,0.0,1.0,4.415149553616952,10.690370546732378,L500_SNR22_A4,500.0,22.0,4.0
Fixed High-Rate,fixed,3225,2.7645439222398034,2.8990902523884876,3.0,0.03363658253717087,0.9663634174628292,1.854473521333358,-1.7267865266136952,0,0.0,0.0,1.0,0.0,14.466789699508764,L500_SNR22_A4,500.0,22.0,4.0
Fixed Balanced,fixed,3225,1.7795865114538976,1.793664779416727,1.8000000000000005,0.003519566990707325,0.9964804330092927,6.354473521333357,2.7732134733863045,0,0.0,0.0,0.0,-35.628206260796325,44.940738286848465,L500_SNR22_A4,500.0,22.0,4.0
Fixed Conservative,fixed,3225,0.9980748193432393,0.9996149638686479,1.0,0.00038503613135209837,0.9996149638686479,10.354473521333357,6.7732134733863045,0,0.0,1.0,0.0,-63.897306484658415,69.12020723138107,L500_SNR22_A4,500.0,22.0,4.0
Fixed Survival,fixed,3225,0.349842356616517,0.3499873160496048,0.35,3.623985827196016e-05,0.999963760141728,14.354473521333357,10.773213473386305,0,0.0,1.0,0.0,-87.34538620268769,89.17610256802988,L500_SNR22_A4,500.0,22.0,4.0
Oracle Policy,oracle,3225,3.047655271902329,3.3340485931914356,3.4574263565891474,0.03579916516113836,0.9642008348388617,0.6175742965271565,-0.743261009912949,161,0.04992248062015504,0.00124031007751938,0.9048062015503876,15.880534684411147,0.0,L500_SNR22_A8,500.0,22.0,8.0
Improved LSTM Policy,forecast,3225,3.0028187441982785,3.343658715441167,3.4937674418604656,0.042604996405361154,0.9573950035946388,0.4992797228837456,-1.1222000448825056,167,0.05178294573643411,0.0,0.9150387596899225,14.175722184244533,1.4711810786941015,L500_SNR22_A8,500.0,22.0,8.0
TCN Policy,forecast,3225,2.9970210217714643,3.315031890773908,3.4546976744186053,0.03975135862530543,0.9602486413746946,0.6299773973023503,-1.0383570382466487,217,0.06728682170542635,0.0,0.8982945736434109,13.955276262763505,1.6614165846670357,L500_SNR22_A8,500.0,22.0,8.0
PatchTST Policy,forecast,3225,2.9954373869300595,3.3162930243653026,3.4559379844961247,0.04010695467940544,0.9598930453205946,0.6135432887752185,-1.1042463809979004,265,0.08217054263565891,0.00124031007751938,0.9131782945736434,13.895061955109108,1.7133789852707102,L500_SNR22_A8,500.0,22.0,8.0
LSTM-raw Policy,forecast,3225,2.9929854688009514,3.36772412346818,3.534325581395349,0.0468423318334037,0.9531576681665963,0.36765181590700147,-1.3027491221969405,187,0.05798449612403101,0.0,0.9283720930232557,13.801833043551113,1.793831592614899,L500_SNR22_A8,500.0,22.0,8.0
TFT Policy,forecast,3225,2.9914953205285797,3.3047711051856283,3.4432868217054264,0.039159473082131115,0.9608405269178689,0.6774192577674666,-0.9659241444058706,281,0.08713178294573644,0.00124031007751938,0.8862015503875968,13.745173361547874,1.8427265016326622,L500_SNR22_A8,500.0,22.0,8.0
Persistence Policy,forecast,3225,2.9808985212162242,3.310024693924001,3.455193798449613,0.04114077158847219,0.9588592284115278,0.6240859244341332,-1.1484278142312516,161,0.04992248062015504,0.00124031007751938,0.9048062015503876,13.342252866707042,2.190429846235052,L500_SNR22_A8,500.0,22.0,8.0
Fixed High-Rate,fixed,3225,2.6299975920911205,2.8990902523884876,3.0,0.03363658253717087,0.9663634174628292,1.854473521333358,-1.7267865266136952,0,0.0,0.0,1.0,0.0,13.704229729056884,L500_SNR22_A8,500.0,22.0,8.0
Fixed Peak-Rate,fixed,3225,2.2459210469221764,3.5272842948420604,4.200000000000001,0.16017040598998558,0.8398295940100144,-1.645526478666642,-5.2267865266136955,0,0.0,0.0,1.0,-14.60368428944315,26.306591574568554,L500_SNR22_A8,500.0,22.0,8.0
Fixed Balanced,fixed,3225,1.7655082434910685,1.793664779416727,1.8000000000000005,0.003519566990707325,0.9964804330092927,6.354473521333357,2.7732134733863045,0,0.0,0.0,0.0,-32.87034753186574,42.06994932241636,L500_SNR22_A8,500.0,22.0,8.0
Fixed Conservative,fixed,3225,0.9965346748178311,0.9996149638686479,1.0,0.00038503613135209837,0.9996149638686479,10.354473521333357,6.7732134733863045,0,0.0,1.0,0.0,-62.10891303419473,67.3015946388254,L500_SNR22_A8,500.0,22.0,8.0
Fixed Survival,fixed,3225,0.34969739718342907,0.3499873160496048,0.35,3.623985827196016e-05,0.999963760141728,14.354473521333357,10.773213473386305,0,0.0,1.0,0.0,-86.70350884597642,88.52569053962753,L500_SNR22_A8,500.0,22.0,8.0
Oracle Policy,oracle,3225,2.93243478000063,3.20887883302989,3.286635658914729,0.023037004419104962,0.976962995580895,1.1957138314108775,-0.20237197510885138,167,0.05178294573643411,0.008682170542635658,0.8372093023255813,17.51120227120963,0.0,L500_SNR22_A12,500.0,22.0,12.0
Improved LSTM Policy,forecast,3225,2.869182244402254,3.223213234834414,3.3258294573643408,0.02950258253601335,0.9704974174639867,1.0692022035039006,-0.6040523113232809,207,0.0641860465116279,0.005271317829457364,0.8437209302325581,14.97648894849216,2.156997183015357,L500_SNR22_A12,500.0,22.0,12.0
TCN Policy,forecast,3225,2.8623992216930185,3.1910288427301015,3.286263565891473,0.027385801753090237,0.9726141982469098,1.2051711957519626,-0.5043733214329115,265,0.08217054263565891,0.00496124031007752,0.8226356589147287,14.704673473163842,2.3883074496748566,L500_SNR22_A12,500.0,22.0,12.0
PatchTST Policy,forecast,3225,2.858807468291922,3.1914885350910183,3.286139534883721,0.027723422233258056,0.9722765777667419,1.1857913507907223,-0.6049350133922751,293,0.09085271317829458,0.0065116279069767444,0.8449612403100775,14.560741453497748,2.510791108155267,L500_SNR22_A12,500.0,22.0,12.0
TFT Policy,forecast,3225,2.855913626126746,3.178677793661201,3.2733643410852715,0.026897013961204648,0.9731029860387953,1.262535536837234,-0.45101263302892025,287,0.0889922480620155,0.008992248062015503,0.8096124031007752,14.444776769702518,2.6094750476894655,L500_SNR22_A12,500.0,22.0,12.0
LSTM-raw Policy,forecast,3225,2.8471394189150874,3.2656673597053896,3.3872248062015506,0.03487732839919185,0.9651226716008081,0.8504425135814201,-0.9035900379660823,231,0.07162790697674419,0.0015503875968992248,0.8772093023255814,14.093168732091357,2.908687404312002,L500_SNR22_A12,500.0,22.0,12.0
Persistence Policy,forecast,3225,2.838457290308674,3.18434125196164,3.284403100775194,0.02882366347108051,0.9711763365289194,1.202225459317854,-0.6755978676327278,167,0.05178294573643411,0.008682170542635658,0.8372093023255813,13.74525055236881,3.204759755711801,L500_SNR22_A12,500.0,22.0,12.0
Fixed High-Rate,fixed,3225,2.4954512619424367,2.8990902523884876,3.0,0.03363658253717087,0.9663634174628292,1.854473521333358,-1.7267865266136952,0,0.0,0.0,1.0,0.0,14.901730160835818,L500_SNR22_A12,500.0,22.0,12.0
Fixed Balanced,fixed,3225,1.7514299755282388,1.793664779416727,1.8000000000000005,0.003519566990707325,0.9964804330092927,6.354473521333357,2.7732134733863045,0,0.0,0.0,0.0,-29.815099888388865,40.27386431667331,L500_SNR22_A12,500.0,22.0,12.0
Fixed Peak-Rate,fixed,3225,1.6052394229622342,3.5272842948420604,4.200000000000001,0.16017040598998558,0.8398295940100144,-1.645526478666642,-5.2267865266136955,0,0.0,0.0,1.0,-35.673381105719116,45.25916027493409,L500_SNR22_A12,500.0,22.0,12.0
Fixed Conservative,fixed,3225,0.9949945302924228,0.9996149638686479,1.0,0.00038503613135209837,0.9996149638686479,10.354473521333357,6.7732134733863045,0,0.0,1.0,0.0,-60.12767127666008,66.06933811185363,L500_SNR22_A12,500.0,22.0,12.0
Fixed Survival,fixed,3225,0.3495524377503413,0.3499873160496048,0.35,3.623985827196016e-05,0.999963760141728,14.354473521333357,10.773213473386305,0,0.0,1.0,0.0,-85.99241575737076,88.07978816325912,L500_SNR22_A12,500.0,22.0,12.0
Oracle Policy,oracle,3225,1.3688832891403102,1.6624615016780986,1.7981705426356591,0.0733945531344471,0.9266054468655529,-0.3827829331378082,-2.898739539817397,171,0.053023255813953486,0.2930232558139535,0.21767441860465117,161.47047779171234,0.0,L800_SNR18_A4,800.0,18.0,4.0
Improved LSTM Policy,forecast,3225,1.3419765452726178,1.649140097154063,1.7935348837209304,0.0767908879703614,0.9232091120296386,-0.37146510368044383,-3.305453683026217,225,0.06976744186046512,0.2951937984496124,0.2124031007751938,156.33101905865766,1.9655980959918413,L800_SNR18_A4,800.0,18.0,4.0
TCN Policy,forecast,3225,1.3400214039964684,1.6456175399579462,1.7905116279069768,0.0763990339903695,0.9236009660096305,-0.3454185920525369,-3.1570777483966515,281,0.08713178294573644,0.31038759689922485,0.21984496124031008,155.95756740819147,2.10842555919926,L800_SNR18_A4,800.0,18.0,4.0
TFT Policy,forecast,3225,1.3376787392446003,1.6489963759017845,1.798480620155039,0.077829409164296,0.922170590835704,-0.37177518119982367,-3.1669863230586768,330,0.10232558139534884,0.3032558139534884,0.22542635658914728,155.51009487577312,2.2795624830300203,L800_SNR18_A4,800.0,18.0,4.0
PatchTST Policy,forecast,3225,1.3312891818915946,1.6153269115211224,1.7425581395348837,0.07100943240738199,0.928990567592618,-0.17611626647114154,-3.3218346192998194,319,0.09891472868217054,0.29550387596899225,0.17147286821705426,154.28962514893675,2.746334004290866,L800_SNR18_A4,800.0,18.0,4.0
LSTM-raw Policy,forecast,3225,1.3290530114021402,1.6877300591793318,1.8636589147286826,0.08966926194429795,0.9103307380557021,-0.6925503749982733,-3.8842507738380387,244,0.07565891472868216,0.24434108527131784,0.2344186046511628,153.86249409186277,2.909691282971565,L800_SNR18_A4,800.0,18.0,4.0
Persistence Policy,forecast,3225,1.3273331453728854,1.6431276760045348,1.7946976744186045,0.07894863265791237,0.9210513673420876,-0.3682092897269555,-3.423177606317402,172,0.05333333333333334,0.2945736434108527,0.2158139534883721,153.53398238018178,3.0353313607560555,L800_SNR18_A4,800.0,18.0,4.0
Fixed Balanced,fixed,3225,1.1787391259809796,1.6071949011665105,1.8000000000000005,0.10711394379638287,0.8928860562036172,-0.7514651036804438,-7.126013531942659,0,0.0,0.0,0.0,125.15102997246186,13.890458351547665,L800_SNR18_A4,800.0,18.0,4.0
Fixed Conservative,fixed,3225,0.8174857841947198,0.9634971568389439,1.0,0.036502843161056044,0.963497156838944,3.2485348963195557,-3.126013531942659,0,0.0,1.0,0.0,56.1480078521266,40.28082666506072,L800_SNR18_A4,800.0,18.0,4.0
Fixed High-Rate,fixed,3225,0.5235326376810938,1.9386568447204688,3.0,0.35378105175984365,0.6462189482401564,-5.251465103680443,-11.62601353194266,0,0.0,0.0,1.0,0.0,61.75476449786422,L800_SNR18_A4,800.0,18.0,4.0
Fixed Survival,fixed,3225,0.3031424058491741,0.3462298487464852,0.35,0.01077186072432779,0.9892281392756722,7.248534896319557,0.8739864680573408,0,0.0,1.0,0.0,-42.096751180232786,77.85476612549238,L800_SNR18_A4,800.0,18.0,4.0
Fixed Peak-Rate,fixed,3225,-2.1554104711457893,0.9447897586814251,4.200000000000001,0.7750500574568036,0.22494994254319645,-8.751465103680443,-15.12601353194266,0,0.0,0.0,1.0,-511.7050812138176,257.45757788448395,L800_SNR18_A4,800.0,18.0,4.0
Oracle Policy,oracle,3225,1.1659601550590362,1.4568614730480711,1.5104651162790699,0.036362664748629356,0.9636373352513706,0.9694651288776956,-0.9301848275255371,180,0.05581395348837209,0.3798449612403101,0.10046511627906977,230.77290040979534,0.0,L800_SNR18_A8,800.0,18.0,8.0
Improved LSTM Policy,forecast,3225,1.1349355847227207,1.4446295566967569,1.5009302325581395,0.03871174649675451,0.9612882535032455,0.986674431203277,-1.5605748493704539,183,0.05674418604651163,0.3714728682170543,0.08341085271317829,227.29321628058747,2.6608602533887256,L800_SNR18_A8,800.0,18.0,8.0
TCN Policy,forecast,3225,1.1279248476931725,1.4233462137403445,1.4776434108527134,0.036927670755896494,0.9630723292441035,1.1231085397304088,-1.3469526148316098,250,0.07751937984496124,0.38666666666666666,0.08589147286821705,226.50689917413544,3.2621446968689805,L800_SNR18_A8,800.0,18.0,8.0
PatchTST Policy,forecast,3225,1.123879522647093,1.4083069070012735,1.4546046511627908,0.03555342304427259,0.9644465769557274,1.1643488498079282,-1.6061296286163622,272,0.08434108527131783,0.37736434108527134,0.04806201550387597,226.05317964771697,3.6090969515002405,L800_SNR18_A8,800.0,18.0,8.0
TFT Policy,forecast,3225,1.121647000811077,1.4268850893081553,1.4857519379844961,0.03815476106213477,0.9618452389378652,1.1069845087226569,-1.3086575144397359,350,0.10852713178294573,0.38108527131782943,0.09581395348837209,225.8027822782552,3.800571919690978,L800_SNR18_A8,800.0,18.0,8.0
LSTM-raw Policy,forecast,3225,1.1103756748903963,1.4822906991251403,1.5532403100775196,0.046489378029342984,0.9535106219706571,0.702798462211029,-2.2863105222524545,261,0.08093023255813954,0.33705426356589147,0.08558139534883721,224.5386018723331,4.767270984987081,L800_SNR18_A8,800.0,18.0,8.0
Persistence Policy,forecast,3225,1.1087168432328638,1.4431174721176432,1.5082325581395353,0.041800078610597424,0.9581999213894026,0.9796976870172306,-1.8355560869461747,179,0.05550387596899225,0.3817054263565891,0.09984496124031007,224.3525490074853,4.909542712741668,L800_SNR18_A8,800.0,18.0,8.0
Fixed Balanced,fixed,3225,0.750283350795448,1.6071949011665105,1.8000000000000005,0.10711394379638287,0.8928860562036172,-0.7514651036804438,-7.126013531942659,0,0.0,0.0,0.0,184.15101449820358,35.65102996530282,L800_SNR18_A8,800.0,18.0,8.0
Fixed Conservative,fixed,3225,0.6714744115504955,0.9634971568389439,1.0,0.036502843161056044,0.963497156838944,3.2485348963195557,-3.126013531942659,0,0.0,1.0,0.0,175.31188434562992,42.410175113016905,L800_SNR18_A8,800.0,18.0,8.0
Fixed Survival,fixed,3225,0.2600549629518629,0.3462298487464852,0.35,0.01077186072432779,0.9892281392756722,7.248534896319557,0.8739864680573408,0,0.0,1.0,0.0,129.16749909816176,77.69606775810486,L800_SNR18_A8,800.0,18.0,8.0
Fixed High-Rate,fixed,3225,-0.8915915693582811,1.9386568447204688,3.0,0.35378105175984365,0.6462189482401564,-5.251465103680443,-11.62601353194266,0,0.0,0.0,1.0,0.0,176.4684423811324,L800_SNR18_A8,800.0,18.0,8.0
Fixed Peak-Rate,fixed,3225,-5.255610700973004,0.9447897586814251,4.200000000000001,0.7750500574568036,0.22494994254319645,-8.751465103680443,-15.12601353194266,0,0.0,0.0,1.0,-489.4639296281934,550.753885385294,L800_SNR18_A8,800.0,18.0,8.0
Oracle Policy,oracle,3225,1.0479920197514956,1.3448905626848784,1.3741085271317832,0.02474154524444858,0.9752584547555514,1.6240387722885488,-0.194704023471316,165,0.05116279069767442,0.41891472868217056,0.048992248062015506,145.4322127795094,0.0,L800_SNR18_A12,800.0,18.0,12.0
TCN Policy,forecast,3225,1.0055480932361693,1.3194595923159291,1.3509922480620158,0.02615929158997997,0.97384070841002,1.7417131908931998,-0.6796096106583588,273,0.08465116279069768,0.4232558139534883,0.04186046511627907,143.59219733635803,4.050023827985898,L800_SNR18_A12,800.0,18.0,12.0
TFT Policy,forecast,3225,1.0041197879827883,1.326232104087757,1.3598914728682172,0.02684269300874739,0.9731573069912526,1.7097752063970755,-0.642000752272083,301,0.09333333333333334,0.41984496124031007,0.048682170542635655,143.53027790666516,4.186313535012454,L800_SNR18_A12,800.0,18.0,12.0
Improved LSTM Policy,forecast,3225,1.0038335011822153,1.3455921393388874,1.3812868217054266,0.02847988651305602,0.971520113486944,1.5827984622110294,-0.8816972859129715,203,0.06294573643410853,0.409922480620155,0.04713178294573643,143.51786689341841,4.213631185832062,L800_SNR18_A12,800.0,18.0,12.0
PatchTST Policy,forecast,3225,0.9927329758484188,1.3066063425608094,1.3354573643410854,0.026156113892699215,0.9738438861073008,1.7649690048466882,-0.8746880849460514,311,0.09643410852713179,0.42604651162790697,0.017674418604651163,143.036640491476,5.272849684120691,L800_SNR18_A12,800.0,18.0,12.0
LSTM-raw Policy,forecast,3225,0.9854630144902855,1.377988801158255,1.4199069767441863,0.03271048222233082,0.9672895177776691,1.3499302451567654,-1.3194775759876676,211,0.06542635658914729,0.37953488372093025,0.03906976744186046,142.7214754662692,5.9665535693713805,L800_SNR18_A12,800.0,18.0,12.0
Persistence Policy,forecast,3225,0.9823786021722726,1.3343413431497124,1.3720155038759694,0.02933022841478666,0.9706697715852134,1.635201562986223,-1.018112444586938,166,0.05147286821705426,0.42077519379844963,0.048992248062015506,142.58776101607242,6.2608699629966225,L800_SNR18_A12,800.0,18.0,12.0
Fixed Conservative,fixed,3225,0.5254630389062716,0.9634971568389439,1.0,0.036502843161056044,0.963497156838944,3.2485348963195557,-3.126013531942659,0,0.0,1.0,0.0,122.77970456017232,49.860015247933696,L800_SNR18_A12,800.0,18.0,12.0
Fixed Balanced,fixed,3225,0.32182757560991665,1.6071949011665105,1.8000000000000005,0.10711394379638287,0.8928860562036172,-0.7514651036804438,-7.126013531942659,0,0.0,0.0,0.0,113.95176548852963,69.29102802841668,L800_SNR18_A12,800.0,18.0,12.0
Fixed Survival,fixed,3225,0.21696752005455183,0.3462298487464852,0.35,0.01077186072432779,0.9892281392756722,7.248534896319557,0.8739864680573408,0,0.0,1.0,0.0,109.40590610575286,79.2968347119666,L800_SNR18_A12,800.0,18.0,12.0
Fixed High-Rate,fixed,3225,-2.306715776397656,1.9386568447204688,3.0,0.35378105175984365,0.6462189482401564,-5.251465103680443,-11.62601353194266,0,0.0,0.0,1.0,0.0,320.1081432800065,L800_SNR18_A12,800.0,18.0,12.0
Fixed Peak-Rate,fixed,3225,-8.355810930800217,0.9447897586814251,4.200000000000001,0.7750500574568036,0.22494994254319645,-8.751465103680443,-15.12601353194266,0,0.0,0.0,1.0,-262.2384264371439,897.3162746775098,L800_SNR18_A12,800.0,18.0,12.0
Oracle Policy,oracle,3225,1.8935961197538722,2.2000836060263294,2.3676899224806207,0.07662187156811434,0.9233781284318856,-0.7494495998044749,-3.2982654264566547,147,0.045581395348837206,0.13085271317829458,0.5603100775193799,20.994264898916914,0.0,L800_SNR20_A4,800.0,20.0,4.0
Improved LSTM Policy,forecast,3225,1.8676689969135996,2.1980582004785254,2.384558139534884,0.08259730089123148,0.9174026991087685,-0.8161162664711415,-3.7534640700739677,177,0.05488372093023256,0.12744186046511627,0.5720930232558139,19.33761111922367,1.3692002518278628,L800_SNR20_A4,800.0,20.0,4.0
TCN Policy,forecast,3225,1.8636502191204354,2.177440692186737,2.352558139534884,0.07844761826657541,0.9215523817334246,-0.681232545540909,-3.6441950172200923,231,0.07162790697674419,0.14232558139534884,0.5553488372093023,19.08082507081373,1.581430185721397,L800_SNR20_A4,800.0,20.0,4.0
TFT Policy,forecast,3225,1.8633864543080079,2.172663454511022,2.3461085271317828,0.07731925005075356,0.9226807499492464,-0.6406123905021492,-3.430336121013351,277,0.08589147286821705,0.15875968992248063,0.5609302325581396,19.06397140848683,1.5953594924872874,L800_SNR20_A4,800.0,20.0,4.0
LSTM-raw Policy,forecast,3225,1.862768877427245,2.2339604917465867,2.4491782945736436,0.09279790357983543,0.9072020964201646,-1.0922402974788934,-4.226423757316908,141,0.04372093023255814,0.09364341085271317,0.6034108527131783,19.024510374569957,1.6279734630336082,L800_SNR20_A4,800.0,20.0,4.0
PatchTST Policy,forecast,3225,1.8620438532991306,2.183530875100527,2.3624806201550386,0.08037175545034911,0.9196282445496509,-0.7373565765486609,-3.7503065127602317,281,0.08713178294573644,0.1234108527131783,0.5510077519379845,18.978183831913864,1.6662616766896818,L800_SNR20_A4,800.0,20.0,4.0
Persistence Policy,forecast,3225,1.8532005338937345,2.1806040947446093,2.3654573643410854,0.08185089021271869,0.9181491097872814,-0.7410775067812191,-3.905756926208823,147,0.045581395348837206,0.13085271317829458,0.5584496124031008,18.413126204492606,2.133273586628825,L800_SNR20_A4,800.0,20.0,4.0
Fixed High-Rate,fixed,3225,1.5650296494101208,2.385012706890052,3.0,0.2049957643699828,0.7950042356300172,-3.2514651036804443,-9.62601353194266,0,0.0,0.0,1.0,0.0,17.351454563946728,L800_SNR20_A4,800.0,20.0,4.0
Fixed Balanced,fixed,3225,1.4322210371258055,1.685861701176974,1.8000000000000005,0.06341016601279219,0.9365898339872079,1.2485348963195562,-5.126013531942659,0,0.0,0.0,0.0,-8.486012538763884,24.365020492756173,L800_SNR20_A4,800.0,20.0,4.0
Fixed Conservative,fixed,3225,0.8988263392848688,0.9797652678569737,1.0,0.020234732143026263,0.9797652678569737,5.248534896319556,-1.1260135319426592,0,0.0,1.0,0.0,-42.568095139689675,52.533366016735535,L800_SNR20_A4,800.0,20.0,4.0
Fixed Survival,fixed,3225,0.3260369413390378,0.3480719378088881,0.35,0.005508749117462575,0.9944912508825374,9.248534896319557,2.873986468057341,0,0.0,1.0,0.0,-79.16736328529461,82.7821287793188,L800_SNR20_A4,800.0,20.0,4.0
Fixed Peak-Rate,fixed,3225,-0.12514981949592843,1.984679360745988,4.200000000000001,0.5274572950604791,0.4725427049395209,-6.751465103680444,-13.12601353194266,0,0.0,0.0,1.0,-107.9966420791516,106.60910836214616,L800_SNR20_A4,800.0,20.0,4.0
Oracle Policy,oracle,3225,1.6777828104287476,1.9891505476804212,2.0660930232558137,0.038920967156459166,0.9610790328435408,0.618767454459091,-1.1049833262847477,197,0.06108527131782946,0.27069767441860465,0.435968992248062,125.19166299145425,0.0,L800_SNR20_A8,800.0,20.0,8.0
Improved LSTM Policy,forecast,3225,1.6213925148106303,1.9992065124679266,2.0992868217054266,0.047226749707162057,0.952773250292838,0.4855891598854476,-1.8196865234823127,255,0.07906976744186046,0.2663565891472868,0.4592248062015504,117.62296913674818,3.3610009154705223,L800_SNR20_A8,800.0,20.0,8.0
TCN Policy,forecast,3225,1.6191185821967893,1.9778610407738235,2.0723410852713178,0.04484280732212934,0.9551571926778707,0.6100852839164553,-1.6975906634712694,323,0.10015503875968992,0.2849612403100775,0.45085271317829456,117.31776237002101,3.496532916377119,L800_SNR20_A8,800.0,20.0,8.0
PatchTST Policy,forecast,3225,1.615768065809323,1.9736734203980466,2.065891472868217,0.04473816932359046,0.9552618306764096,0.6079147412807965,-1.7518869726051107,381,0.11813953488372093,0.2663565891472868,0.4303875968992248,116.86805675110314,3.696231969594269,L800_SNR20_A8,800.0,20.0,8.0
TFT Policy,forecast,3225,1.615271665512991,1.974413883369771,2.069627906976744,0.044892777232097475,0.9551072227679025,0.6290000125986259,-1.6965839802729348,384,0.11906976744186047,0.2806201550387597,0.4502325581395349,116.8014300056474,3.725818653475305,L800_SNR20_A8,800.0,20.0,8.0
LSTM-raw Policy,forecast,3225,1.604671558120347,2.041226145190323,2.158635658914729,0.054569323383747,0.945430676616253,0.20093799709474994,-2.1141401197660623,264,0.08186046511627906,0.22170542635658916,0.4728682170542636,115.37868577629897,4.3576112387107715,L800_SNR20_A8,800.0,20.0,8.0
Persistence Policy,forecast,3225,1.5983014674804588,1.9659358922744952,2.0628682170542634,0.045954303099254544,0.9540456969007455,0.6321007877924244,-1.8561125668922205,198,0.061395348837209304,0.27193798449612405,0.43410852713178294,114.52369352361511,4.7372843763954045,L800_SNR20_A8,800.0,20.0,8.0
Fixed Balanced,fixed,3225,1.1785803730746365,1.685861701176974,1.8000000000000005,0.06341016601279219,0.9365898339872079,1.2485348963195562,-5.126013531942659,0,0.0,0.0,0.0,58.1888147453024,29.753698407873355,L800_SNR20_A8,800.0,20.0,8.0
Fixed Conservative,fixed,3225,0.8178874107127634,0.9797652678569737,1.0,0.020234732143026263,0.9797652678569737,5.248534896319556,-1.1260135319426592,0,0.0,1.0,0.0,9.776679683060564,51.2518899568558,L800_SNR20_A8,800.0,20.0,8.0
Fixed High-Rate,fixed,3225,0.7450465919301894,2.385012706890052,3.0,0.2049957643699828,0.7950042356300172,-3.2514651036804443,-9.62601353194266,0,0.0,0.0,1.0,0.0,55.593382689396066,L800_SNR20_A8,800.0,20.0,8.0
Fixed Survival,fixed,3225,0.3040019448691874,0.3480719378088881,0.35,0.005508749117462575,0.9944912508825374,9.248534896319557,2.873986468057341,0,0.0,1.0,0.0,-59.19692162048407,81.88073313306258,L800_SNR20_A8,800.0,20.0,8.0
Fixed Peak-Rate,fixed,3225,-2.2349789997378444,1.984679360745988,4.200000000000001,0.5274572950604791,0.4725427049395209,-6.751465103680444,-13.12601353194266,0,0.0,0.0,1.0,-399.9784206713426,233.2102692819167,L800_SNR20_A8,800.0,20.0,8.0
Oracle Policy,oracle,3225,1.5505541024610852,1.8686274062918773,1.9176279069767443,0.02650610865256602,0.973493891347434,1.3113255939939747,-0.32410889071864507,204,0.06325581395348837,0.3212403100775194,0.37550387596899226,2169.158307755856,0.0,L800_SNR20_A12,800.0,20.0,12.0
Improved LSTM Policy,forecast,3225,1.4791932035661017,1.8707289593604817,1.936046511627907,0.03262797964953165,0.9673720203504683,1.2355116405056026,-0.9251053820222664,258,0.08,0.32031007751937984,0.3882170542635659,2073.9297719936308,4.602283711462715,L800_SNR20_A12,800.0,20.0,12.0
PatchTST Policy,forecast,3225,1.4750864964511134,1.8384082421939183,1.895906976744186,0.030276812145233752,0.9697231878547663,1.3838837335288585,-0.8297800652666677,386,0.11968992248062016,0.32155038759689925,0.3544186046511628,2068.449520043047,4.8671378760784485,L800_SNR20_A12,800.0,20.0,12.0
TCN Policy,forecast,3225,1.4739981913834448,1.8464013264364245,1.9087906976744187,0.031033594587748296,0.9689664054122517,1.3806279195753701,-0.8397111739279133,336,0.10418604651162791,0.3370542635658915,0.38573643410852715,2066.997216335253,4.937326015011574,L800_SNR20_A12,800.0,20.0,12.0
TFT Policy,forecast,3225,1.4695439296509654,1.844052375818417,1.9075193798449614,0.03120903718062097,0.968790962819379,1.399077531978471,-0.8570170774539878,403,0.12496124031007752,0.32651162790697674,0.386046511627907,2061.053165331776,5.224595045186625,L800_SNR20_A12,800.0,20.0,12.0
Persistence Policy,forecast,3225,1.4538336429129408,1.8482286388700135,1.913906976744186,0.03286624966308939,0.9671337503369106,1.3271395474823469,-1.0223442228204391,204,0.06325581395348837,0.32310077519379843,0.3736434108527132,2040.088356513036,6.2377997255708,L800_SNR20_A12,800.0,20.0,12.0
LSTM-raw Policy,forecast,3225,1.446130690908793,1.9295686093784217,2.0115658914728685,0.040286493205802375,0.9597135067941976,0.8609379970947499,-1.5993988338152068,298,0.0924031007751938,0.2691472868217054,0.40310077519379844,2029.80904596958,6.7345867768527565,L800_SNR20_A12,800.0,20.0,12.0
Fixed Balanced,fixed,3225,0.9249397090234678,1.685861701176974,1.8000000000000005,0.06341016601279219,0.9365898339872079,1.2485348963195562,-5.126013531942659,0,0.0,0.0,0.0,1334.2985517638363,40.347795181388626,L800_SNR20_A12,800.0,20.0,12.0
Fixed Conservative,fixed,3225,0.7369484821406587,0.9797652678569737,1.0,0.020234732143026263,0.9797652678569737,5.248534896319556,-1.1260135319426592,0,0.0,1.0,0.0,1083.4310662163316,52.47192723098457,L800_SNR20_A12,800.0,20.0,12.0
Fixed Survival,fixed,3225,0.2819669483993372,0.3480719378088881,0.35,0.005508749117462575,0.9944912508825374,9.248534896319557,2.873986468057341,0,0.0,1.0,0.0,476.2746832677501,81.8150848169831,L800_SNR20_A12,800.0,20.0,12.0
Fixed High-Rate,fixed,3225,-0.07493646554974169,2.385012706890052,3.0,0.2049957643699828,0.7950042356300172,-3.2514651036804443,-9.62601353194266,0,0.0,0.0,1.0,0.0,104.83288299523379,L800_SNR20_A12,800.0,20.0,12.0
Fixed Peak-Rate,fixed,3225,-4.344808179979761,1.984679360745988,4.200000000000001,0.5274572950604791,0.4725427049395209,-6.751465103680444,-13.12601353194266,0,0.0,0.0,1.0,-5697.989200725971,380.210034147377,L800_SNR20_A12,800.0,20.0,12.0
Oracle Policy,oracle,3225,2.4136086204649163,2.7395529919952866,2.975193798449612,0.08148609288259269,0.9185139071174073,-0.8347209176339322,-3.3452344785371957,167,0.05178294573643411,0.03565891472868217,0.7150387596899225,12.414124199374315,0.0,L800_SNR22_A4,800.0,22.0,4.0
Improved LSTM Policy,forecast,3225,2.377471465125268,2.7219772744091015,2.976186046511628,0.0861264523209584,0.9138735476790416,-0.8480542509672656,-3.656518981268071,255,0.07906976744186046,0.027906976744186046,0.7125581395348837,10.731031657311378,1.4972251521328879,L800_SNR22_A4,800.0,22.0,4.0
TCN Policy,forecast,3225,2.3765080657701856,2.7102516150551788,2.9551007751937988,0.08343588732124814,0.9165641126787518,-0.7702247936029245,-3.5070475106906516,281,0.08713178294573644,0.028217054263565893,0.6967441860465116,10.686161211524288,1.5371404618029707,L800_SNR22_A4,800.0,22.0,4.0
TFT Policy,forecast,3225,2.3749558849672288,2.7140940666116147,2.96539534883721,0.0847845454110964,0.9152154545889036,-0.7954961114323819,-3.5371613599428535,343,0.10635658914728682,0.03441860465116279,0.7023255813953488,10.613868195960785,1.6014500101612228,L800_SNR22_A4,800.0,22.0,4.0
PatchTST Policy,forecast,3225,2.3697139296587872,2.691679514160557,2.9235968992248065,0.08049139612544251,0.9195086038745575,-0.6796821579440098,-3.614955521935628,316,0.09798449612403101,0.03689922480620155,0.7125581395348837,10.369723470053566,1.818633329113398,L800_SNR22_A4,800.0,22.0,4.0
LSTM-raw Policy,forecast,3225,2.366150961931055,2.760504225575818,3.0602790697674425,0.09858831591119065,0.9014116840888093,-1.1447984370137771,-4.125637063082739,244,0.07565891472868216,0.026046511627906978,0.7609302325581395,10.203777801287059,1.9662532745147334,L800_SNR22_A4,800.0,22.0,4.0
Persistence Policy,forecast,3225,2.3631958181219455,2.7116283961107057,2.971472868217055,0.08710814449718995,0.91289185550281,-0.8226278943781182,-3.7483837713998147,168,0.052093023255813956,0.03565891472868217,0.7137984496124031,10.066141607760263,2.088690018568967,L800_SNR22_A4,800.0,22.0,4.0
Fixed High-Rate,fixed,3225,2.147068829344089,2.634458069718895,3.0,0.12184731009370159,0.8781526899062984,-1.2514651036804438,-7.626013531942659,0,0.0,0.0,1.0,0.0,11.04320679255304,L800_SNR22_A4,800.0,22.0,4.0
Fixed Peak-Rate,fixed,3225,1.6743391695908407,2.906368842961162,4.200000000000001,0.30800741834258044,0.6919925816574195,-4.751465103680443,-11.12601353194266,0,0.0,0.0,1.0,-22.017443190103183,30.62921820074024,L800_SNR22_A4,800.0,22.0,4.0
Fixed Balanced,fixed,3225,1.588283509665875,1.7342948823100992,1.8000000000000005,0.036502843161056044,0.963497156838944,3.2485348963195557,-3.126013531942659,0,0.0,0.0,0.0,-26.02549634372542,34.19465375625253,L800_SNR22_A4,800.0,22.0,4.0
Fixed Conservative,fixed,3225,0.9461406963783611,0.9892281392756722,1.0,0.01077186072432779,0.9892281392756722,7.248534896319557,0.8739864680573408,0,0.0,1.0,0.0,-55.93337840653209,60.79974655559058,L800_SNR22_A4,800.0,22.0,4.0
Fixed Survival,fixed,3225,0.33821814626152086,0.34905203475667407,0.35,0.002708472123788302,0.9972915278762117,11.248534896319557,4.873986468057341,0,0.0,1.0,0.0,-84.24744742045165,85.98703437691681,L800_SNR22_A4,800.0,22.0,4.0
Oracle Policy,oracle,3225,2.1758021496177746,2.5274287657225245,2.6431007751937985,0.04395332701309373,0.9560466729869063,0.4393876094978507,-1.2592692120316413,222,0.06883720930232558,0.13674418604651162,0.6275968992248062,31.09772296284138,0.0,L800_SNR22_A8,800.0,22.0,8.0
Improved LSTM Policy,forecast,3225,2.1267391599997936,2.514097192264198,2.642542635658915,0.048419754033050495,0.9515802459669495,0.4153566017459127,-1.7315864386883022,248,0.07689922480620155,0.13271317829457363,0.6334883720930232,28.14155058209584,2.2549380065002693,L800_SNR22_A8,800.0,22.0,8.0
TCN Policy,forecast,3225,2.117226880170129,2.4931104838568707,2.6194573643410854,0.046985450460842716,0.9530145495391573,0.5285348963195562,-1.6070386912861563,338,0.1048062015503876,0.14914728682170542,0.6182945736434109,27.56841105005085,2.6921229698176266,L800_SNR22_A8,800.0,22.0,8.0
TFT Policy,forecast,3225,2.1143115600266884,2.4896279290463057,2.6183255813953488,0.04691454612745215,0.9530854538725478,0.5623333459319593,-1.4975781610674748,390,0.12093023255813953,0.16589147286821704,0.6241860465116279,27.39275544984847,2.826111262087333,L800_SNR22_A8,800.0,22.0,8.0
PatchTST Policy,forecast,3225,2.110079346721461,2.467534785769936,2.5803875968992247,0.04468192988105934,0.9553180701189407,0.6090000125986259,-1.752542589271702,372,0.11534883720930232,0.1283720930232558,0.6275968992248062,27.137753620980064,3.0206240446935437,L800_SNR22_A8,800.0,22.0,8.0
LSTM-raw Policy,forecast,3225,2.0954077177372596,2.573646275722495,2.739472868217054,0.05977981974815441,0.9402201802518456,0.03845737693971117,-2.4824812595928387,282,0.08744186046511628,0.0986046511627907,0.6682170542635659,26.253749920403553,3.6949330110110403,L800_SNR22_A8,800.0,22.0,8.0
Persistence Policy,forecast,3225,2.091075426662196,2.4991829688645257,2.639007751937984,0.05101344277529121,0.9489865572247088,0.45318605911025384,-1.9646089542239589,220,0.06821705426356589,0.13674418604651162,0.6257364341085272,25.99271814632755,3.8940453740457444,L800_SNR22_A8,800.0,22.0,8.0
Fixed High-Rate,fixed,3225,1.6596795889692826,2.634458069718895,3.0,0.12184731009370159,0.8781526899062984,-1.2514651036804438,-7.626013531942659,0,0.0,0.0,1.0,0.0,23.721024484655455,L800_SNR22_A8,800.0,22.0,8.0
Fixed Balanced,fixed,3225,1.442272137021651,1.7342948823100992,1.8000000000000005,0.036502843161056044,0.963497156838944,3.2485348963195557,-3.126013531942659,0,0.0,0.0,0.0,-13.099362876580841,33.71308428594869,L800_SNR22_A8,800.0,22.0,8.0
Fixed Conservative,fixed,3225,0.9030532534810498,0.9892281392756722,1.0,0.01077186072432779,0.9892281392756722,7.248534896319557,0.8739864680573408,0,0.0,1.0,0.0,-45.58869919935109,58.49561718469255,L800_SNR22_A8,800.0,22.0,8.0
Fixed Peak-Rate,fixed,3225,0.44230949622051896,2.906368842961162,4.200000000000001,0.30800741834258044,0.6919925816574195,-4.751465103680443,-11.12601353194266,0,0.0,0.0,1.0,-73.34970562027529,79.67142847532254,L800_SNR22_A8,800.0,22.0,8.0
Fixed Survival,fixed,3225,0.32738425776636765,0.34905203475667407,0.35,0.002708472123788302,0.9972915278762117,11.248534896319557,4.873986468057341,0,0.0,1.0,0.0,-80.27424932244395,84.95339947044911,L800_SNR22_A8,800.0,22.0,8.0
Oracle Policy,oracle,3225,2.0350976968310235,2.378596365568362,2.4487286821705427,0.028624889061444916,0.9713751109385551,1.214891485466843,-0.2767303598747926,232,0.07193798449612403,0.20682170542635658,0.586046511627907,73.6001408926564,0.0,L800_SNR22_A12,800.0,22.0,12.0
Improved LSTM Policy,forecast,3225,1.964751037883919,2.3642344624522047,2.446062015503876,0.033290285380690496,0.9667097146193095,1.192720942831184,-0.8830690339831402,284,0.08806201550387596,0.1987596899224806,0.5947286821705426,67.5993528599436,3.456672328637863,L800_SNR22_A12,800.0,22.0,12.0
TCN Policy,forecast,3225,1.959701048299137,2.343803222147829,2.4236589147286827,0.032008514487391004,0.967991485512609,1.3063643536838971,-0.7295006347518508,392,0.12155038759689922,0.21953488372093022,0.5817054263565892,67.1685730969918,3.7048171519869153,L800_SNR22_A12,800.0,22.0,12.0
TFT Policy,forecast,3225,1.9591794568233296,2.3458459270005068,2.428511627906977,0.03222220584809808,0.9677777941519019,1.3165969118234322,-0.6540371121187312,426,0.13209302325581396,0.2291472868217054,0.5857364341085272,67.12407972754346,3.7304469522967305,L800_SNR22_A12,800.0,22.0,12.0
PatchTST Policy,forecast,3225,1.9513896174175487,2.3160810429182734,2.386077519379845,0.030390952125060402,0.9696090478749396,1.38093799709475,-0.8163945366048784,415,0.12868217054263567,0.19720930232558137,0.5795348837209302,66.459582283278,4.113221667137741,L800_SNR22_A12,800.0,22.0,12.0
LSTM-raw Policy,forecast,3225,1.9330349538041778,2.425759814897433,2.531519379844961,0.041060405091104604,0.9589395949088954,0.8417131908931995,-1.4327605011501585,355,0.11007751937984496,0.16589147286821704,0.626046511627907,64.8938725906769,5.015127440111298,L800_SNR22_A12,800.0,22.0,12.0
Persistence Policy,forecast,3225,1.9233534312797615,2.3529922909817422,2.4451317829457366,0.03580323830849837,0.9641967616915016,1.2277597025211064,-1.1635740709272964,232,0.07193798449612403,0.20713178294573645,0.5841860465116279,64.0680087135219,5.490855093849589,L800_SNR22_A12,800.0,22.0,12.0
Fixed Balanced,fixed,3225,1.2962607643774267,1.7342948823100992,1.8000000000000005,0.036502843161056044,0.963497156838944,3.2485348963195557,-3.126013531942659,0,0.0,0.0,0.0,10.575060686252804,36.304740239453146,L800_SNR22_A12,800.0,22.0,12.0
Fixed High-Rate,fixed,3225,1.1722903485944762,2.634458069718895,3.0,0.12184731009370159,0.8781526899062984,-1.2514651036804438,-7.626013531942659,0,0.0,0.0,1.0,0.0,42.39636011480323,L800_SNR22_A12,800.0,22.0,12.0
Fixed Conservative,fixed,3225,0.859965810583739,0.9892281392756722,1.0,0.01077186072432779,0.9892281392756722,7.248534896319557,0.8739864680573408,0,0.0,1.0,0.0,-26.642251075870444,57.7432664818576,L800_SNR22_A12,800.0,22.0,12.0
Fixed Survival,fixed,3225,0.31655036927121444,0.34905203475667407,0.35,0.002708472123788302,0.9972915278762117,11.248534896319557,4.873986468057341,0,0.0,1.0,0.0,-72.9972724205446,84.44544604594981,L800_SNR22_A12,800.0,22.0,12.0
Fixed Peak-Rate,fixed,3225,-0.7897201771498026,2.906368842961162,4.200000000000001,0.30800741834258044,0.6919925816574195,-4.751465103680443,-11.12601353194266,0,0.0,0.0,1.0,-167.3655786807971,138.80502534986525,L800_SNR22_A12,800.0,22.0,12.0
